episode,score,total_reward,steps,eps,timestamp
1,12,96.16,92,0.0100,20260309-011515
2,1,0.16,10,0.0100,20260309-011515
3,14,115.35,136,0.0100,20260309-011516
4,13,105.82,138,0.0100,20260309-011516
5,21,172.38,213,0.0100,20260309-011517
6,14,116.74,119,0.0100,20260309-011518
7,20,145.67,280,0.0100,20260309-011518
8,25,207.66,299,0.0100,20260309-011518
9,5,39.99,27,0.0100,20260309-011518
10,34,293.88,324,0.0100,20260309-011519
11,34,289.38,359,0.0100,20260309-011519
12,24,188.58,279,0.0100,20260309-011519
13,28,228.60,272,0.0100,20260309-011520
14,10,80.97,105,0.0100,20260309-011520
15,16,138.00,149,0.0100,20260309-011521
16,16,127.35,201,0.0100,20260309-011521
17,29,237.28,306,0.0100,20260309-011521
18,18,149.46,164,0.0100,20260309-011522
19,27,215.81,315,0.0100,20260309-011522
20,20,138.24,296,0.0100,20260309-011522
21,15,128.99,122,0.0100,20260309-011522
22,21,173.83,212,0.0100,20260309-011523
23,12,104.46,86,0.0100,20260309-011523
24,13,113.75,109,0.0100,20260309-011524
25,20,165.88,179,0.0100,20260309-011524
26,30,255.77,269,0.0100,20260309-011524
27,0,-9.96,6,0.0100,20260309-011525
28,25,212.39,240,0.0100,20260309-011525
29,19,159.06,168,0.0100,20260309-011525
30,28,233.58,316,0.0100,20260309-011526
31,17,139.03,149,0.0100,20260309-011527
32,17,139.28,170,0.0100,20260309-011527
33,28,227.52,291,0.0100,20260309-011527
34,20,170.41,151,0.0100,20260309-011528
35,31,261.57,287,0.0100,20260309-011528
36,22,174.07,224,0.0100,20260309-011529
37,24,209.11,180,0.0100,20260309-011530
38,20,167.19,196,0.0100,20260309-011530
39,14,112.87,142,0.0100,20260309-011530
40,22,185.47,228,0.0100,20260309-011531
41,30,234.79,411,0.0100,20260309-011532
42,15,125.16,122,0.0100,20260309-011532
43,36,308.34,372,0.0100,20260309-011532
44,18,143.41,217,0.0100,20260309-011532
45,24,196.35,263,0.0100,20260309-011533
46,8,66.44,64,0.0100,20260309-011533
47,16,141.74,111,0.0100,20260309-011534
48,24,199.82,259,0.0100,20260309-011535
49,28,240.36,273,0.0100,20260309-011535
50,16,121.85,205,0.0100,20260309-011535
51,23,196.36,201,0.0100,20260309-011536
52,23,177.25,239,0.0100,20260309-011536
53,26,202.93,357,0.0100,20260309-011537
54,13,108.76,111,0.0100,20260309-011538
55,22,184.17,206,0.0100,20260309-011538
56,17,140.40,161,0.0100,20260309-011538
57,20,158.91,231,0.0100,20260309-011539
58,29,225.60,362,0.0100,20260309-011539
59,25,211.29,248,0.0100,20260309-011540
60,11,89.96,110,0.0100,20260309-011540
61,23,191.88,240,0.0100,20260309-011541
62,28,229.46,273,0.0100,20260309-011541
63,21,173.13,240,0.0100,20260309-011542
64,12,99.02,91,0.0100,20260309-011542
65,21,168.32,216,0.0100,20260309-011542
66,11,90.04,93,0.0100,20260309-011543
67,31,249.04,315,0.0100,20260309-011543
68,24,199.59,206,0.0100,20260309-011543
69,22,174.96,241,0.0100,20260309-011544
70,24,189.62,304,0.0100,20260309-011544
71,15,127.03,120,0.0100,20260309-011544
72,14,118.97,111,0.0100,20260309-011544
73,14,117.54,119,0.0100,20260309-011545
74,27,227.29,230,0.0100,20260309-011545
75,11,91.55,87,0.0100,20260309-011546
76,21,179.10,180,0.0100,20260309-011546
77,24,197.96,276,0.0100,20260309-011546
78,18,155.82,143,0.0100,20260309-011546
79,31,264.68,253,0.0100,20260309-011548
80,16,133.01,191,0.0100,20260309-011548
81,33,276.37,379,0.0100,20260309-011549
82,3,20.46,33,0.0100,20260309-011549
83,10,83.92,85,0.0100,20260309-011549
84,24,206.46,183,0.0100,20260309-011549
85,23,195.06,240,0.0100,20260309-011549
86,26,214.13,264,0.0100,20260309-011549
87,29,243.13,288,0.0100,20260309-011550
88,14,118.50,111,0.0100,20260309-011550
89,32,276.24,292,0.0100,20260309-011551
90,21,178.88,162,0.0100,20260309-011551
91,12,97.44,118,0.0100,20260309-011551
92,24,208.61,234,0.0100,20260309-011552
93,25,214.20,256,0.0100,20260309-011553
94,15,123.17,133,0.0100,20260309-011553
95,21,178.97,168,0.0100,20260309-011553
96,34,282.02,335,0.0100,20260309-011554
97,21,176.47,191,0.0100,20260309-011554
98,27,222.02,241,0.0100,20260309-011554
99,16,133.79,127,0.0100,20260309-011554
100,26,213.92,264,0.0100,20260309-011554
101,11,87.39,103,0.0100,20260309-011554
102,13,107.36,113,0.0100,20260309-011555
103,16,130.79,150,0.0100,20260309-011555
104,15,129.69,116,0.0100,20260309-011556
105,21,178.27,168,0.0100,20260309-011556
106,21,183.81,186,0.0100,20260309-011556
107,21,180.66,185,0.0100,20260309-011557
108,17,146.45,128,0.0100,20260309-011557
109,25,209.25,250,0.0100,20260309-011557
110,1,0.28,16,0.0100,20260309-011558
111,24,199.64,250,0.0100,20260309-011558
112,30,254.91,319,0.0100,20260309-011559
113,17,145.47,136,0.0100,20260309-011600
114,28,232.98,307,0.0100,20260309-011601
115,31,247.09,360,0.0100,20260309-011601
116,25,188.02,304,0.0100,20260309-011601
117,23,192.15,207,0.0100,20260309-011601
118,28,220.09,323,0.0100,20260309-011601
119,26,226.70,185,0.0100,20260309-011602
120,31,254.05,377,0.0100,20260309-011602
121,18,144.97,177,0.0100,20260309-011602
122,11,95.70,69,0.0100,20260309-011603
123,15,125.45,132,0.0100,20260309-011603
124,17,131.15,169,0.0100,20260309-011603
125,16,135.75,143,0.0100,20260309-011604
126,25,210.34,239,0.0100,20260309-011604
127,10,85.92,80,0.0100,20260309-011604
128,15,123.19,160,0.0100,20260309-011604
129,17,144.92,147,0.0100,20260309-011605
130,25,197.91,245,0.0100,20260309-011605
131,9,75.14,72,0.0100,20260309-011606
132,17,141.59,142,0.0100,20260309-011606
133,25,218.31,216,0.0100,20260309-011606
134,32,261.45,341,0.0100,20260309-011606
135,20,167.38,165,0.0100,20260309-011607
136,9,77.91,59,0.0100,20260309-011607
137,14,115.61,130,0.0100,20260309-011607
138,17,145.39,132,0.0100,20260309-011608
139,25,206.83,230,0.0100,20260309-011608
140,18,151.45,160,0.0100,20260309-011608
141,9,75.08,74,0.0100,20260309-011609
142,0,-9.92,8,0.0100,20260309-011609
143,15,120.30,146,0.0100,20260309-011609
144,14,115.31,112,0.0100,20260309-011610
145,26,212.59,244,0.0100,20260309-011610
146,27,213.74,315,0.0100,20260309-011610
147,24,195.58,240,0.0100,20260309-011610
148,16,139.14,125,0.0100,20260309-011611
149,25,209.51,262,0.0100,20260309-011611
150,13,111.40,106,0.0100,20260309-011611
151,26,210.70,297,0.0100,20260309-011611
152,20,173.70,182,0.0100,20260309-011612
153,18,154.98,143,0.0100,20260309-011612
154,11,94.88,75,0.0100,20260309-011612
155,22,190.56,202,0.0100,20260309-011613
156,9,71.70,78,0.0100,20260309-011613
157,16,143.32,121,0.0100,20260309-011613
158,25,208.62,231,0.0100,20260309-011614
159,24,213.42,191,0.0100,20260309-011614
160,18,156.75,136,0.0100,20260309-011615
161,26,211.28,315,0.0100,20260309-011615
162,11,88.34,100,0.0100,20260309-011616
163,27,229.88,283,0.0100,20260309-011616
164,31,263.76,237,0.0100,20260309-011616
165,25,202.38,273,0.0100,20260309-011616
166,31,259.72,279,0.0100,20260309-011617
167,25,210.65,238,0.0100,20260309-011617
168,18,157.92,148,0.0100,20260309-011617
169,25,222.03,163,0.0100,20260309-011618
170,16,141.08,118,0.0100,20260309-011618
171,22,186.65,182,0.0100,20260309-011618
172,23,186.90,216,0.0100,20260309-011619
173,12,101.29,111,0.0100,20260309-011619
174,21,183.93,156,0.0100,20260309-011619
175,13,102.59,151,0.0100,20260309-011620
176,29,245.37,311,0.0100,20260309-011620
177,21,175.31,203,0.0100,20260309-011620
178,19,156.09,197,0.0100,20260309-011621
179,11,90.29,97,0.0100,20260309-011621
180,19,154.34,178,0.0100,20260309-011622
181,22,172.72,257,0.0100,20260309-011622
182,19,159.17,184,0.0100,20260309-011623
183,15,129.04,110,0.0100,20260309-011623
184,23,181.35,266,0.0100,20260309-011623
185,26,216.79,294,0.0100,20260309-011623
186,17,138.76,154,0.0100,20260309-011624
187,29,235.63,317,0.0100,20260309-011624
188,19,154.60,233,0.0100,20260309-011624
189,16,135.02,122,0.0100,20260309-011625
190,16,138.34,122,0.0100,20260309-011625
191,15,131.60,91,0.0100,20260309-011625
192,26,209.32,278,0.0100,20260309-011626
193,21,176.56,156,0.0100,20260309-011627
194,19,154.19,205,0.0100,20260309-011627
195,27,229.32,255,0.0100,20260309-011627
196,26,217.50,221,0.0100,20260309-011627
197,27,206.46,328,0.0100,20260309-011627
198,21,176.20,211,0.0100,20260309-011628
199,21,185.12,158,0.0100,20260309-011628
200,11,87.12,87,0.0100,20260309-011629
201,20,171.49,148,0.0100,20260309-011629
202,26,212.42,280,0.0100,20260309-011629
203,20,167.00,170,0.0100,20260309-011629
204,24,202.12,233,0.0100,20260309-011631
205,14,119.06,113,0.0100,20260309-011631
206,14,120.57,98,0.0100,20260309-011631
207,26,214.60,240,0.0100,20260309-011631
208,21,178.82,205,0.0100,20260309-011631
209,24,188.45,280,0.0100,20260309-011631
210,21,176.89,183,0.0100,20260309-011632
211,25,213.58,205,0.0100,20260309-011632
212,14,120.63,127,0.0100,20260309-011632
213,16,131.68,139,0.0100,20260309-011633
214,20,173.27,194,0.0100,20260309-011634
215,26,218.22,257,0.0100,20260309-011635
216,17,141.46,153,0.0100,20260309-011635
217,21,178.49,218,0.0100,20260309-011635
218,27,219.32,294,0.0100,20260309-011635
219,27,220.33,233,0.0100,20260309-011636
220,8,65.21,73,0.0100,20260309-011637
221,25,217.14,226,0.0100,20260309-011637
222,28,225.59,323,0.0100,20260309-011637
223,34,276.72,473,0.0100,20260309-011638
224,5,38.97,42,0.0100,20260309-011638
225,22,190.12,156,0.0100,20260309-011638
226,20,156.70,220,0.0100,20260309-011638
227,25,211.57,211,0.0100,20260309-011638
228,14,118.36,100,0.0100,20260309-011638
229,15,132.16,106,0.0100,20260309-011639
230,36,310.30,335,0.0100,20260309-011640
231,17,141.54,152,0.0100,20260309-011640
232,24,200.33,206,0.0100,20260309-011641
233,30,256.09,288,0.0100,20260309-011641
234,20,172.34,166,0.0100,20260309-011642
235,31,259.00,287,0.0100,20260309-011642
236,26,210.38,272,0.0100,20260309-011642
237,27,223.35,307,0.0100,20260309-011642
238,9,76.54,62,0.0100,20260309-011642
239,22,185.03,187,0.0100,20260309-011643
240,1,-0.36,12,0.0100,20260309-011643
241,1,-0.34,13,0.0100,20260309-011643
242,24,200.83,234,0.0100,20260309-011644
243,23,194.84,192,0.0100,20260309-011644
244,18,145.26,205,0.0100,20260309-011645
245,6,49.00,41,0.0100,20260309-011645
246,21,167.83,221,0.0100,20260309-011645
247,24,195.78,299,0.0100,20260309-011645
248,25,208.35,253,0.0100,20260309-011645
249,24,196.14,242,0.0100,20260309-011646
250,26,218.90,256,0.0100,20260309-011647
251,12,103.68,98,0.0100,20260309-011647
252,19,169.10,119,0.0100,20260309-011647
253,22,186.22,180,0.0100,20260309-011647
254,14,113.61,121,0.0100,20260309-011647
255,21,172.21,202,0.0100,20260309-011648
256,25,200.50,296,0.0100,20260309-011649
257,14,121.05,102,0.0100,20260309-011650
258,19,156.30,175,0.0100,20260309-011650
259,18,152.84,160,0.0100,20260309-011650
260,30,257.76,235,0.0100,20260309-011650
261,8,67.20,61,0.0100,20260309-011651
262,14,115.39,100,0.0100,20260309-011651
263,28,231.65,300,0.0100,20260309-011652
264,22,178.39,175,0.0100,20260309-011652
265,29,219.97,361,0.0100,20260309-011652
266,35,255.82,600,0.0100,20260309-011653
267,25,219.97,197,0.0100,20260309-011653
268,20,170.77,180,0.0100,20260309-011653
269,18,146.23,165,0.0100,20260309-011654
270,26,217.03,242,0.0100,20260309-011654
271,17,139.29,161,0.0100,20260309-011654
272,7,59.24,55,0.0100,20260309-011654
273,22,177.05,221,0.0100,20260309-011656
274,25,210.78,209,0.0100,20260309-011656
275,19,167.01,117,0.0100,20260309-011656
276,23,189.99,251,0.0100,20260309-011656
277,5,38.87,43,0.0100,20260309-011657
278,21,171.66,256,0.0100,20260309-011657
279,21,172.74,182,0.0100,20260309-011657
280,12,100.36,99,0.0100,20260309-011657
281,29,229.78,351,0.0100,20260309-011657
282,12,96.80,116,0.0100,20260309-011658
283,14,118.73,120,0.0100,20260309-011659
284,17,149.64,121,0.0100,20260309-011659
285,17,137.06,177,0.0100,20260309-011659
286,24,213.99,174,0.0100,20260309-011659
287,24,170.83,327,0.0100,20260309-011659
288,25,215.26,231,0.0100,20260309-011700
289,15,130.48,117,0.0100,20260309-011701
290,17,142.00,159,0.0100,20260309-011701
291,14,112.85,129,0.0100,20260309-011701
292,25,187.91,315,0.0100,20260309-011702
293,18,141.51,223,0.0100,20260309-011702
294,15,126.89,134,0.0100,20260309-011703
295,26,215.73,242,0.0100,20260309-011703
296,31,267.68,294,0.0100,20260309-011703
297,7,57.02,60,0.0100,20260309-011703
298,15,121.02,170,0.0100,20260309-011704
299,25,202.80,278,0.0100,20260309-011704
300,27,240.86,198,0.0100,20260309-011705
301,27,225.33,249,0.0100,20260309-011705
302,20,163.60,228,0.0100,20260309-011705
303,11,88.90,121,0.0100,20260309-011706
304,21,170.73,221,0.0100,20260309-011707
305,26,221.74,262,0.0100,20260309-011707
306,8,66.79,71,0.0100,20260309-011708
307,33,270.29,369,0.0100,20260309-011708
308,27,222.01,243,0.0100,20260309-011708
309,25,196.75,321,0.0100,20260309-011708
310,21,180.04,177,0.0100,20260309-011708
311,32,276.94,264,0.0100,20260309-011709
312,9,75.91,67,0.0100,20260309-011709
313,20,175.06,168,0.0100,20260309-011710
314,20,168.52,223,0.0100,20260309-011711
315,6,44.80,61,0.0100,20260309-011711
316,38,311.36,438,0.0100,20260309-011711
317,32,257.52,342,0.0100,20260309-011712
318,29,244.11,261,0.0100,20260309-011713
319,30,240.40,298,0.0100,20260309-011713
320,25,197.80,327,0.0100,20260309-011713
321,33,267.06,378,0.0100,20260309-011714
322,18,144.40,183,0.0100,20260309-011714
323,22,181.70,217,0.0100,20260309-011714
324,16,131.43,150,0.0100,20260309-011715
325,26,217.85,280,0.0100,20260309-011716
326,19,164.54,146,0.0100,20260309-011716
327,29,236.96,331,0.0100,20260309-011716
328,22,191.16,157,0.0100,20260309-011716
329,29,243.56,247,0.0100,20260309-011716
330,5,38.61,40,0.0100,20260309-011716
331,29,240.84,292,0.0100,20260309-011717
332,13,107.41,131,0.0100,20260309-011718
333,22,181.74,253,0.0100,20260309-011718
334,29,243.83,271,0.0100,20260309-011719
335,21,187.72,174,0.0100,20260309-011719
336,22,187.43,232,0.0100,20260309-011719
337,28,230.81,260,0.0100,20260309-011720
338,22,191.49,190,0.0100,20260309-011720
339,1,-2.56,24,0.0100,20260309-011720
340,29,237.84,281,0.0100,20260309-011720
341,23,194.98,203,0.0100,20260309-011720
342,17,140.75,124,0.0100,20260309-011721
343,19,158.72,196,0.0100,20260309-011722
344,12,99.12,105,0.0100,20260309-011722
345,19,159.34,183,0.0100,20260309-011722
346,14,114.17,138,0.0100,20260309-011722
347,29,230.18,337,0.0100,20260309-011723
348,20,162.36,178,0.0100,20260309-011723
349,7,56.44,54,0.0100,20260309-011723
350,5,37.73,43,0.0100,20260309-011723
351,28,229.37,263,0.0100,20260309-011724
352,8,66.19,55,0.0100,20260309-011724
353,16,116.72,159,0.0100,20260309-011725
354,9,75.73,71,0.0100,20260309-011725
355,14,121.24,96,0.0100,20260309-011726
356,32,265.94,350,0.0100,20260309-011726
357,28,236.34,299,0.0100,20260309-011726
358,15,130.67,106,0.0100,20260309-011726
359,14,117.10,122,0.0100,20260309-011726
360,25,214.40,212,0.0100,20260309-011726
361,30,243.68,369,0.0100,20260309-011727
362,30,242.53,314,0.0100,20260309-011728
363,15,120.00,104,0.0100,20260309-011728
364,19,164.78,137,0.0100,20260309-011728
365,12,101.71,101,0.0100,20260309-011728
366,19,155.64,186,0.0100,20260309-011728
367,11,90.67,80,0.0100,20260309-011729
368,19,160.56,185,0.0100,20260309-011729
369,24,187.94,265,0.0100,20260309-011730
370,19,161.09,173,0.0100,20260309-011730
371,18,152.19,172,0.0100,20260309-011730
372,15,130.91,108,0.0100,20260309-011730
373,27,229.84,235,0.0100,20260309-011731
374,23,193.81,198,0.0100,20260309-011731
375,22,183.57,215,0.0100,20260309-011731
376,26,216.43,278,0.0100,20260309-011732
377,16,141.67,119,0.0100,20260309-011732
378,18,153.11,156,0.0100,20260309-011732
379,4,27.76,60,0.0100,20260309-011732
380,20,162.17,185,0.0100,20260309-011733
381,20,160.67,189,0.0100,20260309-011733
382,18,150.81,153,0.0100,20260309-011734
383,21,177.50,193,0.0100,20260309-011734
384,22,184.92,229,0.0100,20260309-011735
385,17,133.21,185,0.0100,20260309-011735
386,17,141.30,161,0.0100,20260309-011735
387,14,118.10,109,0.0100,20260309-011736
388,5,35.90,60,0.0100,20260309-011737
389,28,235.98,287,0.0100,20260309-011737
390,27,218.25,309,0.0100,20260309-011737
391,24,198.07,234,0.0100,20260309-011737
392,4,28.46,53,0.0100,20260309-011738
393,22,188.99,195,0.0100,20260309-011738
394,29,233.65,341,0.0100,20260309-011738
395,30,246.61,281,0.0100,20260309-011739
396,19,160.75,152,0.0100,20260309-011739
397,32,278.41,302,0.0100,20260309-011739
398,10,87.98,57,0.0100,20260309-011739
399,15,111.06,201,0.0100,20260309-011740
400,16,131.65,164,0.0100,20260309-011740
401,19,161.89,149,0.0100,20260309-011741
402,13,93.31,156,0.0100,20260309-011741
403,29,238.02,327,0.0100,20260309-011741
404,29,258.45,257,0.0100,20260309-011741
405,27,228.76,248,0.0100,20260309-011742
406,11,95.29,71,0.0100,20260309-011743
407,13,114.72,105,0.0100,20260309-011743
408,26,212.07,293,0.0100,20260309-011743
409,23,193.57,245,0.0100,20260309-011744
410,18,152.36,173,0.0100,20260309-011745
411,19,158.47,156,0.0100,20260309-011745
412,32,259.22,377,0.0100,20260309-011745
413,26,196.73,294,0.0100,20260309-011745
414,25,210.49,220,0.0100,20260309-011746
415,30,238.12,374,0.0100,20260309-011746
416,23,191.66,225,0.0100,20260309-011746
417,18,158.25,136,0.0100,20260309-011746
418,11,92.97,84,0.0100,20260309-011746
419,3,20.03,24,0.0100,20260309-011747
420,18,148.77,161,0.0100,20260309-011748
421,20,165.51,171,0.0100,20260309-011748
422,16,128.35,160,0.0100,20260309-011748
423,20,172.59,166,0.0100,20260309-011748
424,11,93.67,101,0.0100,20260309-011748
425,19,166.82,156,0.0100,20260309-011749
426,23,190.26,224,0.0100,20260309-011749
427,8,68.20,58,0.0100,20260309-011749
428,13,106.38,104,0.0100,20260309-011749
429,13,110.91,104,0.0100,20260309-011750
430,21,181.88,170,0.0100,20260309-011751
431,31,271.75,298,0.0100,20260309-011751
432,16,140.31,129,0.0100,20260309-011751
433,27,226.33,242,0.0100,20260309-011752
434,28,224.57,358,0.0100,20260309-011753
435,37,315.28,333,0.0100,20260309-011753
436,29,237.57,311,0.0100,20260309-011753
437,1,0.18,14,0.0100,20260309-011753
438,22,185.63,181,0.0100,20260309-011754
439,27,222.55,227,0.0100,20260309-011754
440,25,201.87,263,0.0100,20260309-011754
441,12,99.17,134,0.0100,20260309-011755
442,8,64.74,53,0.0100,20260309-011755
443,18,144.95,193,0.0100,20260309-011756
444,29,242.19,278,0.0100,20260309-011756
445,6,47.18,50,0.0100,20260309-011757
446,24,198.34,255,0.0100,20260309-011757
447,16,138.43,102,0.0100,20260309-011758
448,13,111.97,100,0.0100,20260309-011758
449,23,186.54,266,0.0100,20260309-011758
450,42,317.26,548,0.0100,20260309-011758
451,29,233.68,355,0.0100,20260309-011758
452,29,244.93,281,0.0100,20260309-011759
453,26,213.67,286,0.0100,20260309-011759
454,16,133.04,121,0.0100,20260309-011759
455,5,38.88,39,0.0100,20260309-011759
456,15,131.22,90,0.0100,20260309-011800
457,16,136.54,140,0.0100,20260309-011800
458,13,104.27,111,0.0100,20260309-011800
459,19,156.89,193,0.0100,20260309-011802
460,25,215.34,229,0.0100,20260309-011802
461,18,146.25,190,0.0100,20260309-011802
462,26,213.56,302,0.0100,20260309-011803
463,25,197.25,286,0.0100,20260309-011803
464,25,213.46,229,0.0100,20260309-011803
465,33,273.49,342,0.0100,20260309-011803
466,16,136.64,101,0.0100,20260309-011804
467,12,99.61,103,0.0100,20260309-011804
468,19,163.39,131,0.0100,20260309-011804
469,16,141.75,107,0.0100,20260309-011804
470,10,81.56,70,0.0100,20260309-011805
471,17,139.04,183,0.0100,20260309-011806
472,23,185.50,215,0.0100,20260309-011806
473,21,176.37,193,0.0100,20260309-011806
474,39,309.46,472,0.0100,20260309-011807
475,18,150.89,168,0.0100,20260309-011807
476,22,185.23,205,0.0100,20260309-011807
477,29,250.10,259,0.0100,20260309-011807
478,25,203.56,236,0.0100,20260309-011809
479,21,165.60,203,0.0100,20260309-011810
480,22,178.15,240,0.0100,20260309-011810
481,21,176.96,201,0.0100,20260309-011810
482,9,76.81,60,0.0100,20260309-011810
483,24,194.05,272,0.0100,20260309-011810
484,29,247.50,276,0.0100,20260309-011811
485,36,304.47,379,0.0100,20260309-011811
486,12,101.12,93,0.0100,20260309-011811
487,12,104.80,73,0.0100,20260309-011811
488,8,66.70,61,0.0100,20260309-011812
489,3,18.69,40,0.0100,20260309-011812
490,20,162.14,184,0.0100,20260309-011813
491,20,164.52,199,0.0100,20260309-011813
492,34,274.32,410,0.0100,20260309-011813
493,14,118.80,124,0.0100,20260309-011813
494,6,50.44,29,0.0100,20260309-011813
495,5,35.17,59,0.0100,20260309-011813
496,22,183.50,201,0.0100,20260309-011814
497,28,229.43,255,0.0100,20260309-011814
498,6,45.29,62,0.0100,20260309-011814
499,25,205.24,223,0.0100,20260309-011814
500,21,176.19,185,0.0100,20260309-011815
501,15,122.21,165,0.0100,20260309-011816
502,15,124.08,133,0.0100,20260309-011816
503,11,91.23,94,0.0100,20260309-011816
504,18,148.16,170,0.0100,20260309-011817
505,34,301.43,258,0.0100,20260309-011817
506,17,148.13,138,0.0100,20260309-011818
507,19,150.10,263,0.0100,20260309-011818
508,29,245.79,282,0.0100,20260309-011818
509,18,162.84,123,0.0100,20260309-011819
510,30,245.33,376,0.0100,20260309-011819
511,31,266.50,249,0.0100,20260309-011820
512,15,120.65,159,0.0100,20260309-011820
513,27,230.81,222,0.0100,20260309-011820
514,1,0.24,14,0.0100,20260309-011820
515,33,279.18,330,0.0100,20260309-011821
516,28,234.88,252,0.0100,20260309-011821
517,27,226.34,287,0.0100,20260309-011822
518,25,204.55,264,0.0100,20260309-011823
519,28,231.00,287,0.0100,20260309-011823
520,19,160.19,164,0.0100,20260309-011823
521,26,219.83,274,0.0100,20260309-011824
522,15,130.74,121,0.0100,20260309-011824
523,31,258.75,320,0.0100,20260309-011825
524,25,211.15,256,0.0100,20260309-011825
525,7,57.32,47,0.0100,20260309-011825
526,34,288.36,347,0.0100,20260309-011825
527,12,104.26,98,0.0100,20260309-011826
528,21,172.78,205,0.0100,20260309-011826
529,15,129.07,110,0.0100,20260309-011827
530,8,65.30,86,0.0100,20260309-011827
531,12,96.48,148,0.0100,20260309-011827
532,37,299.48,400,0.0100,20260309-011827
533,18,152.40,158,0.0100,20260309-011828
534,13,110.85,127,0.0100,20260309-011828
535,29,246.90,245,0.0100,20260309-011829
536,34,273.35,399,0.0100,20260309-011829
537,21,168.57,228,0.0100,20260309-011829
538,20,172.27,153,0.0100,20260309-011829
539,19,161.64,161,0.0100,20260309-011830
540,19,160.70,185,0.0100,20260309-011831
541,27,208.36,322,0.0100,20260309-011831
542,19,148.53,193,0.0100,20260309-011832
543,25,218.05,203,0.0100,20260309-011832
544,31,264.27,249,0.0100,20260309-011832
545,15,129.12,107,0.0100,20260309-011833
546,36,296.01,398,0.0100,20260309-011833
547,24,204.89,209,0.0100,20260309-011833
548,14,117.59,115,0.0100,20260309-011833
549,23,192.33,216,0.0100,20260309-011835
550,34,267.54,444,0.0100,20260309-011835
551,15,119.83,131,0.0100,20260309-011835
552,21,172.32,210,0.0100,20260309-011836
553,10,82.56,77,0.0100,20260309-011836
554,29,236.66,255,0.0100,20260309-011836
555,23,198.92,227,0.0100,20260309-011837
556,20,158.34,226,0.0100,20260309-011837
557,13,118.67,58,0.0100,20260309-011837
558,18,154.10,129,0.0100,20260309-011837
559,10,86.53,65,0.0100,20260309-011838
560,17,140.43,156,0.0100,20260309-011838
561,39,313.08,513,0.0100,20260309-011839
562,29,245.29,283,0.0100,20260309-011839
563,30,250.17,290,0.0100,20260309-011840
564,16,143.20,122,0.0100,20260309-011840
565,27,232.71,252,0.0100,20260309-011840
566,16,133.52,151,0.0100,20260309-011840
567,25,218.21,190,0.0100,20260309-011841
568,9,74.55,76,0.0100,20260309-011841
569,33,275.31,347,0.0100,20260309-011842
570,32,274.89,336,0.0100,20260309-011842
571,19,154.15,231,0.0100,20260309-011843
572,15,118.18,147,0.0100,20260309-011843
573,24,197.84,222,0.0100,20260309-011844
574,12,95.86,99,0.0100,20260309-011844
575,20,159.66,205,0.0100,20260309-011844
576,25,216.98,212,0.0100,20260309-011845
577,25,202.05,305,0.0100,20260309-011845
578,36,308.23,342,0.0100,20260309-011845
579,25,212.60,248,0.0100,20260309-011845
580,12,103.44,99,0.0100,20260309-011846
581,24,198.53,221,0.0100,20260309-011846
582,21,178.27,190,0.0100,20260309-011846
583,20,163.21,177,0.0100,20260309-011847
584,15,124.86,169,0.0100,20260309-011847
585,13,106.12,111,0.0100,20260309-011847
586,19,163.22,177,0.0100,20260309-011848
587,24,206.20,213,0.0100,20260309-011848
588,20,169.75,166,0.0100,20260309-011848
589,23,201.17,163,0.0100,20260309-011848
590,1,0.14,12,0.0100,20260309-011848
591,9,77.55,55,0.0100,20260309-011848
592,15,133.22,118,0.0100,20260309-011849
593,15,129.91,95,0.0100,20260309-011849
594,0,-9.88,7,0.0100,20260309-011849
595,17,140.29,162,0.0100,20260309-011850
596,18,156.80,149,0.0100,20260309-011850
597,27,219.88,273,0.0100,20260309-011850
598,22,187.72,197,0.0100,20260309-011851
599,23,189.16,230,0.0100,20260309-011852
600,23,196.17,178,0.0100,20260309-011852
601,26,209.56,281,0.0100,20260309-011852
602,32,260.25,349,0.0100,20260309-011853
603,23,189.63,209,0.0100,20260309-011853
604,31,253.94,380,0.0100,20260309-011854
605,27,212.27,334,0.0100,20260309-011855
606,23,194.19,227,0.0100,20260309-011856
607,31,259.93,317,0.0100,20260309-011857
608,30,249.94,262,0.0100,20260309-011857
609,38,327.52,364,0.0100,20260309-011857
610,33,288.17,312,0.0100,20260309-011857
611,2,10.06,6,0.0100,20260309-011857
612,27,213.30,353,0.0100,20260309-011858
613,31,250.67,315,0.0100,20260309-011859
614,13,110.70,124,0.0100,20260309-011859
615,11,94.58,60,0.0100,20260309-011859
616,7,57.41,72,0.0100,20260309-011900
617,31,252.73,342,0.0100,20260309-011900
618,23,187.45,280,0.0100,20260309-011901
619,30,250.49,286,0.0100,20260309-011901
620,12,105.49,77,0.0100,20260309-011901
621,31,250.32,312,0.0100,20260309-011901
622,36,309.75,391,0.0100,20260309-011902
623,15,117.05,182,0.0100,20260309-011902
624,7,55.77,60,0.0100,20260309-011903
625,27,232.20,278,0.0100,20260309-011903
626,1,0.20,12,0.0100,20260309-011903
627,22,189.94,157,0.0100,20260309-011903
628,17,142.00,169,0.0100,20260309-011903
629,28,227.02,284,0.0100,20260309-011904
630,4,30.12,45,0.0100,20260309-011904
631,22,185.04,212,0.0100,20260309-011904
632,5,40.21,32,0.0100,20260309-011905
633,25,207.53,246,0.0100,20260309-011905
634,29,246.97,239,0.0100,20260309-011905
635,17,140.93,147,0.0100,20260309-011905
636,14,110.62,161,0.0100,20260309-011905
637,21,177.09,161,0.0100,20260309-011906
638,12,103.59,96,0.0100,20260309-011906
639,12,100.22,104,0.0100,20260309-011907
640,17,141.84,145,0.0100,20260309-011907
641,27,220.52,266,0.0100,20260309-011907
642,20,173.87,183,0.0100,20260309-011908
643,17,137.62,194,0.0100,20260309-011908
644,6,47.17,51,0.0100,20260309-011909
645,28,223.73,315,0.0100,20260309-011909
646,19,151.20,198,0.0100,20260309-011909
647,19,153.94,199,0.0100,20260309-011909
648,1,-0.24,21,0.0100,20260309-011909
649,2,10.32,31,0.0100,20260309-011910
650,20,176.34,159,0.0100,20260309-011910
651,23,188.36,248,0.0100,20260309-011911
652,27,218.55,322,0.0100,20260309-011911
653,21,176.41,197,0.0100,20260309-011912
654,8,65.69,65,0.0100,20260309-011913
655,28,231.33,278,0.0100,20260309-011913
656,18,146.92,157,0.0100,20260309-011913
657,14,115.95,137,0.0100,20260309-011913
658,35,302.80,411,0.0100,20260309-011913
659,25,190.66,293,0.0100,20260309-011914
660,9,74.59,80,0.0100,20260309-011915
661,12,95.80,112,0.0100,20260309-011915
662,34,279.94,364,0.0100,20260309-011915
663,23,205.34,166,0.0100,20260309-011916
664,8,68.90,58,0.0100,20260309-011916
665,18,155.73,147,0.0100,20260309-011916
666,24,195.33,248,0.0100,20260309-011916
667,14,123.45,87,0.0100,20260309-011917
668,15,126.43,124,0.0100,20260309-011918
669,38,278.24,534,0.0100,20260309-011918
670,19,162.33,152,0.0100,20260309-011918
671,15,125.67,129,0.0100,20260309-011918
672,31,256.60,285,0.0100,20260309-011919
673,11,91.29,93,0.0100,20260309-011919
674,19,167.04,157,0.0100,20260309-011919
675,29,245.12,305,0.0100,20260309-011919
676,34,259.12,471,0.0100,20260309-011920
677,18,155.51,150,0.0100,20260309-011920
678,22,185.48,174,0.0100,20260309-011921
679,16,125.39,183,0.0100,20260309-011921
680,7,52.91,61,0.0100,20260309-011922
681,29,244.01,303,0.0100,20260309-011923
682,27,229.74,232,0.0100,20260309-011923
683,21,174.98,199,0.0100,20260309-011923
684,15,125.52,113,0.0100,20260309-011923
685,32,255.10,307,0.0100,20260309-011924
686,6,44.47,49,0.0100,20260309-011924
687,32,276.34,325,0.0100,20260309-011924
688,31,249.44,303,0.0100,20260309-011924
689,24,203.87,207,0.0100,20260309-011925
690,12,102.05,96,0.0100,20260309-011925
691,19,159.63,173,0.0100,20260309-011925
692,11,92.78,87,0.0100,20260309-011925
693,23,195.64,221,0.0100,20260309-011926
694,12,103.10,108,0.0100,20260309-011926
695,13,108.37,107,0.0100,20260309-011927
696,27,219.83,329,0.0100,20260309-011927
697,18,151.25,150,0.0100,20260309-011928
698,7,56.52,76,0.0100,20260309-011928
699,20,156.13,227,0.0100,20260309-011928
700,30,249.92,287,0.0100,20260309-011928
701,9,75.33,71,0.0100,20260309-011929
702,17,138.20,183,0.0100,20260309-011929
703,24,203.09,212,0.0100,20260309-011929
704,15,126.73,116,0.0100,20260309-011929
705,20,168.68,171,0.0100,20260309-011930
706,35,285.66,437,0.0100,20260309-011930
707,14,121.86,115,0.0100,20260309-011931
708,22,194.04,181,0.0100,20260309-011931
709,13,107.05,118,0.0100,20260309-011932
710,29,248.68,258,0.0100,20260309-011932
711,30,250.46,330,0.0100,20260309-011934
712,32,262.79,365,0.0100,20260309-011934
713,36,296.79,388,0.0100,20260309-011934
714,2,9.70,19,0.0100,20260309-011934
715,31,252.00,305,0.0100,20260309-011935
716,22,180.47,216,0.0100,20260309-011935
717,20,167.26,189,0.0100,20260309-011935
718,6,48.94,44,0.0100,20260309-011935
719,4,29.43,26,0.0100,20260309-011935
720,30,248.52,323,0.0100,20260309-011935
721,11,92.09,70,0.0100,20260309-011936
722,9,72.31,87,0.0100,20260309-011936
723,26,217.45,248,0.0100,20260309-011936
724,1,-0.27,13,0.0100,20260309-011936
725,22,178.55,206,0.0100,20260309-011938
726,25,202.33,259,0.0100,20260309-011938
727,31,260.88,312,0.0100,20260309-011939
728,22,188.02,195,0.0100,20260309-011939
729,24,187.81,274,0.0100,20260309-011939
730,27,232.28,266,0.0100,20260309-011940
731,11,96.01,86,0.0100,20260309-011940
732,37,293.33,500,0.0100,20260309-011941
733,29,231.46,332,0.0100,20260309-011941
734,20,163.34,206,0.0100,20260309-011942
735,31,260.42,245,0.0100,20260309-011942
736,34,266.10,377,0.0100,20260309-011943
737,23,182.44,285,0.0100,20260309-011944
738,25,217.15,203,0.0100,20260309-011944
739,23,194.34,209,0.0100,20260309-011945
740,33,275.33,379,0.0100,20260309-011945
741,22,183.59,207,0.0100,20260309-011947
742,33,277.36,336,0.0100,20260309-011947
743,41,308.68,546,0.0100,20260309-011947
744,41,335.75,445,0.0100,20260309-011948
745,31,264.06,270,0.0100,20260309-011948
746,27,231.49,277,0.0100,20260309-011949
747,25,203.72,272,0.0100,20260309-011949
748,16,136.77,150,0.0100,20260309-011950
749,29,210.53,442,0.0100,20260309-011950
750,10,83.31,99,0.0100,20260309-011950
751,14,123.09,97,0.0100,20260309-011950
752,20,168.77,176,0.0100,20260309-011950
753,25,203.16,246,0.0100,20260309-011950
754,3,18.48,33,0.0100,20260309-011951
755,25,194.74,268,0.0100,20260309-011951
756,15,128.13,125,0.0100,20260309-011951
757,8,66.38,58,0.0100,20260309-011951
758,34,297.49,313,0.0100,20260309-011952
759,9,73.07,83,0.0100,20260309-011952
760,25,215.45,203,0.0100,20260309-011953
761,10,85.85,59,0.0100,20260309-011953
762,4,28.92,35,0.0100,20260309-011953
763,20,160.79,207,0.0100,20260309-011953
764,25,207.56,272,0.0100,20260309-011954
765,19,157.24,168,0.0100,20260309-011954
766,24,201.38,235,0.0100,20260309-011955
767,20,172.39,155,0.0100,20260309-011955
768,37,304.21,392,0.0100,20260309-011956
769,18,155.25,122,0.0100,20260309-011957
770,2,8.91,32,0.0100,20260309-011957
771,34,271.05,412,0.0100,20260309-011957
772,25,192.70,326,0.0100,20260309-011958
773,31,258.88,323,0.0100,20260309-011958
774,19,152.49,185,0.0100,20260309-011958
775,29,242.54,324,0.0100,20260309-011959
776,26,209.63,261,0.0100,20260309-011959
777,29,241.13,340,0.0100,20260309-011959
778,5,36.62,49,0.0100,20260309-012000
779,1,0.04,10,0.0100,20260309-012000
780,25,206.77,250,0.0100,20260309-012001
781,34,294.94,281,0.0100,20260309-012001
782,15,116.63,157,0.0100,20260309-012002
783,25,197.82,288,0.0100,20260309-012002
784,24,204.94,234,0.0100,20260309-012002
785,19,158.95,161,0.0100,20260309-012002
786,29,239.07,304,0.0100,20260309-012002
787,17,139.51,156,0.0100,20260309-012003
788,33,279.34,335,0.0100,20260309-012003
789,24,199.02,203,0.0100,20260309-012004
790,22,192.16,165,0.0100,20260309-012005
791,19,153.29,164,0.0100,20260309-012005
792,28,239.87,236,0.0100,20260309-012005
793,6,49.99,25,0.0100,20260309-012005
794,26,214.68,250,0.0100,20260309-012007
795,30,240.66,366,0.0100,20260309-012007
796,24,194.95,321,0.0100,20260309-012008
797,24,200.92,246,0.0100,20260309-012008
798,26,223.82,229,0.0100,20260309-012008
799,3,19.31,32,0.0100,20260309-012009
800,36,288.06,488,0.0100,20260309-012009
801,30,247.37,308,0.0100,20260309-012009
802,32,276.27,292,0.0100,20260309-012010
803,15,123.87,161,0.0100,20260309-012010
804,27,236.40,229,0.0100,20260309-012011
805,21,172.96,223,0.0100,20260309-012011
806,33,272.22,321,0.0100,20260309-012011
807,16,133.62,154,0.0100,20260309-012012
808,20,161.35,215,0.0100,20260309-012012
809,18,152.01,166,0.0100,20260309-012012
810,12,106.56,78,0.0100,20260309-012012
811,27,226.68,240,0.0100,20260309-012013
812,17,139.72,167,0.0100,20260309-012013
813,25,200.24,258,0.0100,20260309-012014
814,21,178.36,191,0.0100,20260309-012014
815,11,89.41,109,0.0100,20260309-012014
816,24,210.39,193,0.0100,20260309-012015
817,25,214.57,211,0.0100,20260309-012016
818,33,272.88,297,0.0100,20260309-012016
819,6,50.64,39,0.0100,20260309-012016
820,28,237.75,228,0.0100,20260309-012017
821,6,49.79,52,0.0100,20260309-012017
822,22,196.04,194,0.0100,20260309-012017
823,3,20.56,32,0.0100,20260309-012017
824,5,37.49,49,0.0100,20260309-012017
825,28,218.02,372,0.0100,20260309-012017
826,24,210.68,205,0.0100,20260309-012018
827,23,191.44,250,0.0100,20260309-012018
828,27,212.70,271,0.0100,20260309-012018
829,12,100.70,97,0.0100,20260309-012019
830,21,183.47,131,0.0100,20260309-012019
831,22,183.23,232,0.0100,20260309-012021
832,33,287.19,291,0.0100,20260309-012021
833,28,233.99,252,0.0100,20260309-012021
834,26,228.24,217,0.0100,20260309-012021
835,30,248.08,370,0.0100,20260309-012021
836,8,66.10,57,0.0100,20260309-012022
837,18,142.43,196,0.0100,20260309-012022
838,26,210.74,245,0.0100,20260309-012023
839,14,123.54,118,0.0100,20260309-012023
840,14,108.26,142,0.0100,20260309-012023
841,16,138.74,136,0.0100,20260309-012023
842,32,261.05,411,0.0100,20260309-012023
843,27,233.19,205,0.0100,20260309-012024
844,1,0.22,13,0.0100,20260309-012024
845,13,114.92,87,0.0100,20260309-012025
846,22,189.26,184,0.0100,20260309-012025
847,16,132.08,140,0.0100,20260309-012025
848,26,214.32,202,0.0100,20260309-012026
849,24,185.32,310,0.0100,20260309-012027
850,20,148.48,261,0.0100,20260309-012027
851,23,194.32,183,0.0100,20260309-012027
852,26,201.89,315,0.0100,20260309-012027
853,22,185.57,187,0.0100,20260309-012028
854,28,244.16,237,0.0100,20260309-012028
855,32,269.04,274,0.0100,20260309-012029
856,16,136.56,131,0.0100,20260309-012029
857,26,229.42,208,0.0100,20260309-012030
858,21,180.42,154,0.0100,20260309-012030
859,18,157.34,149,0.0100,20260309-012030
860,7,58.95,38,0.0100,20260309-012030
861,24,182.82,310,0.0100,20260309-012030
862,9,76.36,59,0.0100,20260309-012031
863,19,149.50,212,0.0100,20260309-012031
864,22,193.24,148,0.0100,20260309-012031
865,8,67.98,53,0.0100,20260309-012031
866,9,74.30,77,0.0100,20260309-012032
867,28,224.78,346,0.0100,20260309-012032
868,19,162.55,133,0.0100,20260309-012032
869,28,252.79,222,0.0100,20260309-012033
870,25,207.61,205,0.0100,20260309-012033
871,19,163.88,181,0.0100,20260309-012034
872,17,145.76,135,0.0100,20260309-012034
873,31,250.64,392,0.0100,20260309-012034
874,15,123.80,153,0.0100,20260309-012035
875,19,158.55,165,0.0100,20260309-012036
876,17,129.24,170,0.0100,20260309-012037
877,28,233.19,295,0.0100,20260309-012037
878,32,258.31,382,0.0100,20260309-012037
879,26,216.17,226,0.0100,20260309-012037
880,33,276.42,338,0.0100,20260309-012037
881,23,196.61,195,0.0100,20260309-012038
882,15,127.32,114,0.0100,20260309-012038
883,38,322.52,369,0.0100,20260309-012039
884,4,25.87,51,0.0100,20260309-012039
885,24,207.01,186,0.0100,20260309-012040
886,25,202.38,259,0.0100,20260309-012040
887,10,77.56,104,0.0100,20260309-012041
888,20,162.75,193,0.0100,20260309-012041
889,30,258.04,285,0.0100,20260309-012041
890,6,47.27,50,0.0100,20260309-012041
891,28,232.52,298,0.0100,20260309-012042
892,21,178.29,182,0.0100,20260309-012042
893,30,238.21,361,0.0100,20260309-012042
894,32,264.29,306,0.0100,20260309-012043
895,23,182.73,264,0.0100,20260309-012045
896,22,181.61,200,0.0100,20260309-012045
897,28,240.70,266,0.0100,20260309-012045
898,27,226.45,263,0.0100,20260309-012045
899,7,59.42,54,0.0100,20260309-012045
900,19,152.75,176,0.0100,20260309-012046
901,25,207.74,252,0.0100,20260309-012046
902,36,290.74,419,0.0100,20260309-012046
903,8,63.37,83,0.0100,20260309-012047
904,5,38.00,36,0.0100,20260309-012047
905,12,103.10,111,0.0100,20260309-012047
906,33,270.73,365,0.0100,20260309-012048
907,27,219.02,279,0.0100,20260309-012049
908,25,211.19,246,0.0100,20260309-012049
909,19,156.25,198,0.0100,20260309-012049
910,31,257.44,329,0.0100,20260309-012049
911,24,205.05,206,0.0100,20260309-012050
912,8,66.28,71,0.0100,20260309-012050
913,30,249.02,337,0.0100,20260309-012051
914,19,163.38,142,0.0100,20260309-012052
915,32,259.75,309,0.0100,20260309-012052
916,24,206.88,174,0.0100,20260309-012052
917,9,73.80,64,0.0100,20260309-012053
918,29,243.86,268,0.0100,20260309-012053
919,33,276.00,355,0.0100,20260309-012053
920,16,131.61,162,0.0100,20260309-012053
921,17,133.53,209,0.0100,20260309-012054
922,8,65.93,58,0.0100,20260309-012054
923,13,109.23,125,0.0100,20260309-012054
924,31,255.55,336,0.0100,20260309-012054
925,15,128.49,116,0.0100,20260309-012055
926,19,164.60,166,0.0100,20260309-012055
927,21,152.28,257,0.0100,20260309-012056
928,19,160.35,182,0.0100,20260309-012057
929,23,195.47,195,0.0100,20260309-012057
930,22,176.42,206,0.0100,20260309-012057
931,26,220.49,227,0.0100,20260309-012057
932,32,274.56,290,0.0100,20260309-012058
933,10,83.59,87,0.0100,20260309-012058
934,21,182.20,188,0.0100,20260309-012059
935,22,171.64,249,0.0100,20260309-012059
936,19,149.68,251,0.0100,20260309-012100
937,29,250.30,245,0.0100,20260309-012100
938,17,135.47,187,0.0100,20260309-012100
939,8,67.93,39,0.0100,20260309-012101
940,29,245.55,298,0.0100,20260309-012101
941,42,315.11,562,0.0100,20260309-012103
942,37,314.60,390,0.0100,20260309-012103
943,29,232.35,328,0.0100,20260309-012103
944,36,304.87,320,0.0100,20260309-012104
945,2,8.80,26,0.0100,20260309-012104
946,24,190.89,283,0.0100,20260309-012105
947,25,202.32,258,0.0100,20260309-012105
948,3,20.27,36,0.0100,20260309-012105
949,23,200.37,186,0.0100,20260309-012106
950,32,264.76,307,0.0100,20260309-012106
951,36,296.28,424,0.0100,20260309-012106
952,28,229.79,263,0.0100,20260309-012107
953,15,128.67,132,0.0100,20260309-012107
954,25,204.41,293,0.0100,20260309-012108
955,12,102.74,82,0.0100,20260309-012108
956,28,233.04,281,0.0100,20260309-012109
957,32,249.67,337,0.0100,20260309-012109
958,19,165.67,154,0.0100,20260309-012109
959,22,183.15,217,0.0100,20260309-012109
960,24,203.67,203,0.0100,20260309-012110
961,26,201.98,321,0.0100,20260309-012111
962,32,261.98,362,0.0100,20260309-012111
963,23,200.48,179,0.0100,20260309-012111
964,8,65.84,60,0.0100,20260309-012112
965,8,62.09,73,0.0100,20260309-012112
966,14,117.01,134,0.0100,20260309-012112
967,22,177.39,236,0.0100,20260309-012113
968,21,171.92,226,0.0100,20260309-012113
969,27,207.59,341,0.0100,20260309-012113
970,29,234.66,321,0.0100,20260309-012113
971,17,147.45,125,0.0100,20260309-012114
972,14,117.09,107,0.0100,20260309-012114
973,16,138.68,111,0.0100,20260309-012114
974,5,34.13,59,0.0100,20260309-012115
975,18,151.87,147,0.0100,20260309-012115
976,7,54.78,70,0.0100,20260309-012115
977,31,263.67,346,0.0100,20260309-012116
978,17,143.06,165,0.0100,20260309-012116
979,27,224.32,259,0.0100,20260309-012116
980,22,173.96,231,0.0100,20260309-012116
981,9,70.03,82,0.0100,20260309-012117
982,25,211.25,203,0.0100,20260309-012117
983,11,89.93,93,0.0100,20260309-012117
984,2,10.18,12,0.0100,20260309-012117
985,22,182.83,188,0.0100,20260309-012117
986,11,91.07,136,0.0100,20260309-012118
987,20,164.26,228,0.0100,20260309-012118
988,19,149.70,190,0.0100,20260309-012118
989,14,113.96,109,0.0100,20260309-012118
990,19,156.23,199,0.0100,20260309-012120
991,19,170.10,147,0.0100,20260309-012121
992,27,230.65,259,0.0100,20260309-012121
993,26,200.95,258,0.0100,20260309-012121
994,25,212.15,221,0.0100,20260309-012121
995,31,241.20,391,0.0100,20260309-012122
996,36,304.17,300,0.0100,20260309-012122
997,15,130.35,100,0.0100,20260309-012123
998,16,129.29,133,0.0100,20260309-012123
999,24,203.06,192,0.0100,20260309-012123
1000,36,298.48,382,0.0100,20260309-012123
1001,18,147.62,150,0.0100,20260309-012124
1002,27,226.06,305,0.0100,20260309-012124
1003,12,102.44,102,0.0100,20260309-012125
1004,19,164.93,155,0.0100,20260309-012125
1005,24,199.02,236,0.0100,20260309-012125
1006,11,93.55,79,0.0100,20260309-012125
1007,15,119.08,126,0.0100,20260309-012125
1008,19,156.53,159,0.0100,20260309-012125
1009,1,0.10,10,0.0100,20260309-012125
1010,14,123.23,89,0.0100,20260309-012126
1011,23,194.35,178,0.0100,20260309-012127
1012,26,221.91,266,0.0100,20260309-012127
1013,29,249.07,266,0.0100,20260309-012129
1014,20,158.67,240,0.0100,20260309-012129
1015,13,106.16,107,0.0100,20260309-012129
1016,28,235.19,269,0.0100,20260309-012129
1017,1,0.18,11,0.0100,20260309-012129
1018,17,142.48,157,0.0100,20260309-012130
1019,23,184.42,302,0.0100,20260309-012130
1020,40,326.48,426,0.0100,20260309-012131
1021,15,128.99,113,0.0100,20260309-012131
1022,18,150.13,176,0.0100,20260309-012131
1023,22,168.20,210,0.0100,20260309-012132
1024,15,125.71,115,0.0100,20260309-012132
1025,40,322.19,441,0.0100,20260309-012133
1026,22,186.95,200,0.0100,20260309-012134
1027,32,280.00,274,0.0100,20260309-012134
1028,17,147.37,150,0.0100,20260309-012134
1029,33,259.64,398,0.0100,20260309-012134
1030,5,30.50,58,0.0100,20260309-012135
1031,22,179.76,237,0.0100,20260309-012136
1032,24,197.53,235,0.0100,20260309-012136
1033,36,296.16,437,0.0100,20260309-012136
1034,5,39.43,40,0.0100,20260309-012136
1035,17,137.52,178,0.0100,20260309-012136
1036,30,242.14,369,0.0100,20260309-012137
1037,24,195.98,240,0.0100,20260309-012137
1038,20,167.03,194,0.0100,20260309-012137
1039,10,88.60,72,0.0100,20260309-012138
1040,18,151.15,163,0.0100,20260309-012138
1041,21,179.07,171,0.0100,20260309-012138
1042,19,153.52,158,0.0100,20260309-012139
1043,29,243.31,256,0.0100,20260309-012139
1044,16,131.15,173,0.0100,20260309-012139
1045,13,107.52,109,0.0100,20260309-012140
1046,24,197.50,230,0.0100,20260309-012140
1047,16,141.50,112,0.0100,20260309-012140
1048,2,10.08,13,0.0100,20260309-012141
1049,12,95.79,109,0.0100,20260309-012141
1050,22,189.27,161,0.0100,20260309-012141
1051,22,181.05,231,0.0100,20260309-012142
1052,15,124.79,127,0.0100,20260309-012142
1053,32,264.08,322,0.0100,20260309-012142
1054,14,116.83,148,0.0100,20260309-012143
1055,24,202.06,194,0.0100,20260309-012143
1056,37,318.27,387,0.0100,20260309-012144
1057,22,180.27,211,0.0100,20260309-012144
1058,32,265.38,324,0.0100,20260309-012145
1059,24,204.24,200,0.0100,20260309-012145
1060,25,204.05,293,0.0100,20260309-012146
1061,20,173.90,166,0.0100,20260309-012146
1062,13,100.42,126,0.0100,20260309-012147
1063,33,276.94,342,0.0100,20260309-012148
1064,10,84.67,70,0.0100,20260309-012148
1065,24,206.38,213,0.0100,20260309-012148
1066,5,39.61,45,0.0100,20260309-012148
1067,45,380.19,482,0.0100,20260309-012149
1068,22,181.89,197,0.0100,20260309-012149
1069,11,89.12,95,0.0100,20260309-012149
1070,11,92.40,72,0.0100,20260309-012149
1071,7,58.65,54,0.0100,20260309-012150
1072,39,316.62,444,0.0100,20260309-012150
1073,36,290.60,429,0.0100,20260309-012150
1074,24,193.38,208,0.0100,20260309-012151
1075,10,82.24,93,0.0100,20260309-012151
1076,19,166.57,147,0.0100,20260309-012151
1077,4,30.26,24,0.0100,20260309-012152
1078,32,256.08,356,0.0100,20260309-012152
1079,14,122.74,126,0.0100,20260309-012152
1080,26,227.02,234,0.0100,20260309-012153
1081,22,191.33,176,0.0100,20260309-012153
1082,24,204.94,179,0.0100,20260309-012154
1083,16,136.98,131,0.0100,20260309-012154
1084,23,197.46,185,0.0100,20260309-012154
1085,23,197.50,188,0.0100,20260309-012154
1086,26,192.31,344,0.0100,20260309-012154
1087,23,192.94,227,0.0100,20260309-012155
1088,18,151.28,161,0.0100,20260309-012155
1089,2,10.14,25,0.0100,20260309-012155
1090,25,215.27,199,0.0100,20260309-012156
1091,20,171.53,157,0.0100,20260309-012156
1092,29,251.13,262,0.0100,20260309-012158
1093,26,224.30,221,0.0100,20260309-012158
1094,24,191.67,241,0.0100,20260309-012158
1095,19,153.34,175,0.0100,20260309-012158
1096,17,143.79,146,0.0100,20260309-012158
1097,20,161.33,220,0.0100,20260309-012158
1098,36,311.22,314,0.0100,20260309-012158
1099,8,65.35,74,0.0100,20260309-012159
1100,19,168.83,113,0.0100,20260309-012159
1101,16,131.41,130,0.0100,20260309-012200
1102,19,162.38,162,0.0100,20260309-012200
1103,15,123.71,138,0.0100,20260309-012200
1104,11,87.81,71,0.0100,20260309-012201
1105,33,273.10,335,0.0100,20260309-012201
1106,17,148.33,126,0.0100,20260309-012201
1107,27,231.69,210,0.0100,20260309-012201
1108,9,75.94,55,0.0100,20260309-012201
1109,14,120.96,121,0.0100,20260309-012201
1110,27,223.61,265,0.0100,20260309-012202
1111,18,155.58,173,0.0100,20260309-012204
1112,22,190.71,200,0.0100,20260309-012204
1113,23,191.75,218,0.0100,20260309-012204
1114,31,268.32,261,0.0100,20260309-012204
1115,26,206.00,297,0.0100,20260309-012205
1116,14,122.76,106,0.0100,20260309-012205
1117,27,216.69,290,0.0100,20260309-012205
1118,4,29.11,26,0.0100,20260309-012205
1119,24,209.09,215,0.0100,20260309-012207
1120,31,249.53,342,0.0100,20260309-012207
1121,38,308.57,424,0.0100,20260309-012207
1122,22,178.18,247,0.0100,20260309-012207
1123,27,225.61,250,0.0100,20260309-012208
1124,18,151.57,168,0.0100,20260309-012208
1125,21,170.88,189,0.0100,20260309-012208
1126,24,203.56,264,0.0100,20260309-012209
1127,13,112.36,106,0.0100,20260309-012209
1128,27,233.04,200,0.0100,20260309-012210
1129,24,202.60,208,0.0100,20260309-012210
1130,11,95.25,80,0.0100,20260309-012210
1131,25,214.09,213,0.0100,20260309-012210
1132,21,167.00,239,0.0100,20260309-012211
1133,34,298.96,292,0.0100,20260309-012212
1134,23,193.29,220,0.0100,20260309-012212
1135,5,39.74,43,0.0100,20260309-012213
1136,31,237.40,365,0.0100,20260309-012213
1137,21,168.40,228,0.0100,20260309-012213
1138,26,203.09,270,0.0100,20260309-012214
1139,29,241.04,319,0.0100,20260309-012215
1140,26,214.31,289,0.0100,20260309-012215
1141,18,151.83,151,0.0100,20260309-012215
1142,17,138.35,137,0.0100,20260309-012215
1143,20,156.07,220,0.0100,20260309-012217
1144,18,149.35,159,0.0100,20260309-012217
1145,36,312.05,340,0.0100,20260309-012217
1146,42,362.14,469,0.0100,20260309-012217
1147,24,198.71,227,0.0100,20260309-012219
1148,16,144.09,106,0.0100,20260309-012219
1149,32,271.67,316,0.0100,20260309-012219
1150,23,183.66,251,0.0100,20260309-012219
1151,18,143.94,223,0.0100,20260309-012220
1152,36,300.17,353,0.0100,20260309-012220
1153,18,151.25,141,0.0100,20260309-012221
1154,21,175.33,173,0.0100,20260309-012221
1155,15,123.75,114,0.0100,20260309-012222
1156,30,229.07,364,0.0100,20260309-012222
1157,19,151.30,185,0.0100,20260309-012222
1158,31,252.50,343,0.0100,20260309-012223
1159,13,108.65,117,0.0100,20260309-012223
1160,22,181.96,206,0.0100,20260309-012224
1161,40,322.64,486,0.0100,20260309-012224
1162,34,261.61,400,0.0100,20260309-012225
1163,7,57.77,63,0.0100,20260309-012225
1164,22,194.72,200,0.0100,20260309-012225
1165,23,198.75,185,0.0100,20260309-012226
1166,29,242.17,294,0.0100,20260309-012226
1167,34,283.96,378,0.0100,20260309-012226
1168,24,192.80,257,0.0100,20260309-012227
1169,13,98.18,151,0.0100,20260309-012228
1170,33,277.15,363,0.0100,20260309-012229
1171,26,222.67,237,0.0100,20260309-012230
1172,36,306.82,341,0.0100,20260309-012230
1173,22,191.03,226,0.0100,20260309-012230
1174,29,248.22,275,0.0100,20260309-012230
1175,19,158.31,162,0.0100,20260309-012231
1176,30,234.09,423,0.0100,20260309-012231
1177,35,276.37,455,0.0100,20260309-012231
1178,12,99.49,91,0.0100,20260309-012233
1179,18,156.98,150,0.0100,20260309-012233
1180,24,204.25,212,0.0100,20260309-012233
1181,27,214.83,325,0.0100,20260309-012234
1182,26,216.36,307,0.0100,20260309-012235
1183,22,185.92,174,0.0100,20260309-012235
1184,16,128.50,153,0.0100,20260309-012235
1185,34,292.43,325,0.0100,20260309-012235
1186,23,198.19,176,0.0100,20260309-012236
1187,34,269.29,390,0.0100,20260309-012236
1188,13,106.87,131,0.0100,20260309-012237
1189,5,39.01,38,0.0100,20260309-012237
1190,39,294.81,542,0.0100,20260309-012238
1191,33,275.74,291,0.0100,20260309-012238
1192,22,180.84,262,0.0100,20260309-012239
1193,25,214.07,222,0.0100,20260309-012239
1194,13,110.20,126,0.0100,20260309-012240
1195,19,159.75,167,0.0100,20260309-012240
1196,29,249.27,278,0.0100,20260309-012240
1197,22,176.89,219,0.0100,20260309-012240
1198,34,288.02,358,0.0100,20260309-012240
1199,37,326.34,373,0.0100,20260309-012241
1200,14,110.16,149,0.0100,20260309-012241
1201,20,165.77,173,0.0100,20260309-012243
1202,17,143.24,155,0.0100,20260309-012243
1203,15,130.53,101,0.0100,20260309-012243
1204,21,182.72,195,0.0100,20260309-012243
1205,11,93.24,79,0.0100,20260309-012244
1206,28,243.89,226,0.0100,20260309-012244
1207,12,103.30,108,0.0100,20260309-012244
1208,26,218.84,304,0.0100,20260309-012245
1209,5,39.75,43,0.0100,20260309-012245
1210,27,224.75,297,0.0100,20260309-012245
1211,33,268.74,389,0.0100,20260309-012245
1212,24,196.97,190,0.0100,20260309-012246
1213,11,87.20,105,0.0100,20260309-012246
1214,1,-0.25,11,0.0100,20260309-012246
1215,3,20.24,16,0.0100,20260309-012247
1216,7,57.12,47,0.0100,20260309-012247
1217,14,116.99,126,0.0100,20260309-012247
1218,13,108.14,126,0.0100,20260309-012248
1219,4,29.93,39,0.0100,20260309-012248
1220,29,248.74,287,0.0100,20260309-012248
1221,27,223.79,238,0.0100,20260309-012248
1222,13,114.90,77,0.0100,20260309-012248
1223,12,102.27,97,0.0100,20260309-012249
1224,25,212.81,201,0.0100,20260309-012251
1225,21,175.01,179,0.0100,20260309-012251
1226,35,290.55,363,0.0100,20260309-012251
1227,38,314.82,369,0.0100,20260309-012252
1228,19,165.84,159,0.0100,20260309-012252
1229,27,230.03,257,0.0100,20260309-012252
1230,29,238.68,309,0.0100,20260309-012253
1231,19,151.75,194,0.0100,20260309-012254
1232,21,184.38,168,0.0100,20260309-012254
1233,17,141.97,170,0.0100,20260309-012254
1234,33,254.30,420,0.0100,20260309-012255
1235,20,158.76,239,0.0100,20260309-012256
1236,20,167.75,171,0.0100,20260309-012256
1237,18,152.84,151,0.0100,20260309-012257
1238,36,304.68,374,0.0100,20260309-012257
1239,24,206.54,233,0.0100,20260309-012258
1240,6,48.97,46,0.0100,20260309-012258
1241,28,217.05,382,0.0100,20260309-012258
1242,16,139.43,128,0.0100,20260309-012258
1243,15,125.05,130,0.0100,20260309-012258
1244,1,0.10,7,0.0100,20260309-012258
1245,20,161.85,223,0.0100,20260309-012258
1246,2,10.34,20,0.0100,20260309-012259
1247,8,66.65,51,0.0100,20260309-012300
1248,24,205.34,218,0.0100,20260309-012300
1249,34,280.59,348,0.0100,20260309-012300
1250,8,70.00,44,0.0100,20260309-012300
1251,22,187.55,192,0.0100,20260309-012301
1252,20,168.22,202,0.0100,20260309-012302
1253,3,20.22,15,0.0100,20260309-012302
1254,24,197.54,235,0.0100,20260309-012302
1255,22,198.75,134,0.0100,20260309-012302
1256,21,173.16,198,0.0100,20260309-012303
1257,34,285.61,367,0.0100,20260309-012303
1258,36,293.65,420,0.0100,20260309-012305
1259,29,246.39,275,0.0100,20260309-012305
1260,24,210.48,206,0.0100,20260309-012306
1261,20,150.31,241,0.0100,20260309-012306
1262,34,277.56,393,0.0100,20260309-012306
1263,28,229.44,302,0.0100,20260309-012306
1264,26,215.75,276,0.0100,20260309-012307
1265,21,188.21,182,0.0100,20260309-012307
1266,32,258.04,357,0.0100,20260309-012309
1267,25,210.70,227,0.0100,20260309-012309
1268,23,189.07,199,0.0100,20260309-012309
1269,10,78.23,91,0.0100,20260309-012310
1270,26,218.90,232,0.0100,20260309-012311
1271,26,217.10,265,0.0100,20260309-012311
1272,32,260.58,385,0.0100,20260309-012311
1273,5,39.15,42,0.0100,20260309-012311
1274,32,269.12,367,0.0100,20260309-012311
1275,37,302.30,441,0.0100,20260309-012311
1276,12,103.06,67,0.0100,20260309-012312
1277,19,163.10,134,0.0100,20260309-012312
1278,14,118.75,111,0.0100,20260309-012312
1279,15,130.65,121,0.0100,20260309-012313
1280,15,129.29,98,0.0100,20260309-012313
1281,35,283.00,361,0.0100,20260309-012313
1282,18,150.54,182,0.0100,20260309-012314
1283,26,205.69,283,0.0100,20260309-012315
1284,37,300.25,447,0.0100,20260309-012315
1285,1,0.12,8,0.0100,20260309-012315
1286,20,165.01,162,0.0100,20260309-012316
1287,20,173.56,158,0.0100,20260309-012316
1288,26,217.73,229,0.0100,20260309-012316
1289,11,92.70,80,0.0100,20260309-012316
1290,31,271.47,270,0.0100,20260309-012316
1291,28,223.51,317,0.0100,20260309-012316
1292,6,49.52,36,0.0100,20260309-012317
1293,32,271.20,313,0.0100,20260309-012317
1294,7,53.77,65,0.0100,20260309-012317
1295,19,161.97,126,0.0100,20260309-012318
1296,22,188.12,153,0.0100,20260309-012318
1297,7,56.97,64,0.0100,20260309-012319
1298,23,181.92,257,0.0100,20260309-012319
1299,23,184.60,230,0.0100,20260309-012319
1300,23,201.03,203,0.0100,20260309-012319
1301,28,245.51,214,0.0100,20260309-012319
1302,14,123.47,91,0.0100,20260309-012319
1303,18,156.28,157,0.0100,20260309-012320
1304,10,79.53,103,0.0100,20260309-012321
1305,15,124.07,135,0.0100,20260309-012321
1306,8,67.77,52,0.0100,20260309-012322
1307,19,160.78,172,0.0100,20260309-012322
1308,21,175.93,187,0.0100,20260309-012322
1309,28,244.76,211,0.0100,20260309-012322
1310,21,182.20,173,0.0100,20260309-012323
1311,34,280.94,369,0.0100,20260309-012323
1312,10,84.22,79,0.0100,20260309-012324
1313,16,138.68,140,0.0100,20260309-012324
1314,19,154.00,187,0.0100,20260309-012324
1315,33,279.29,329,0.0100,20260309-012325
1316,15,128.30,132,0.0100,20260309-012325
1317,12,103.83,87,0.0100,20260309-012325
1318,6,46.93,67,0.0100,20260309-012325
1319,7,56.47,62,0.0100,20260309-012326
1320,13,99.65,150,0.0100,20260309-012326
1321,10,81.92,70,0.0100,20260309-012327
1322,32,262.32,331,0.0100,20260309-012327
1323,28,222.27,355,0.0100,20260309-012327
1324,24,203.49,213,0.0100,20260309-012328
1325,9,74.75,82,0.0100,20260309-012328
1326,24,200.13,216,0.0100,20260309-012328
1327,23,192.36,230,0.0100,20260309-012329
1328,17,140.44,146,0.0100,20260309-012329
1329,6,47.32,57,0.0100,20260309-012329
1330,20,161.24,182,0.0100,20260309-012331
1331,24,203.93,223,0.0100,20260309-012331
1332,31,255.99,334,0.0100,20260309-012331
1333,33,268.26,353,0.0100,20260309-012331
1334,5,37.09,39,0.0100,20260309-012331
1335,14,122.88,102,0.0100,20260309-012333
1336,14,118.60,95,0.0100,20260309-012333
1337,29,244.69,271,0.0100,20260309-012333
1338,30,239.89,331,0.0100,20260309-012334
1339,29,246.72,288,0.0100,20260309-012334
1340,2,10.28,20,0.0100,20260309-012334
1341,40,346.40,319,0.0100,20260309-012334
1342,3,20.30,31,0.0100,20260309-012334
1343,9,74.37,72,0.0100,20260309-012334
1344,27,227.23,247,0.0100,20260309-012335
1345,11,93.24,85,0.0100,20260309-012335
1346,27,230.09,230,0.0100,20260309-012336
1347,32,261.58,349,0.0100,20260309-012337
1348,13,113.52,91,0.0100,20260309-012337
1349,7,57.54,52,0.0100,20260309-012337
1350,3,20.32,23,0.0100,20260309-012338
1351,23,185.02,224,0.0100,20260309-012338
1352,18,154.52,177,0.0100,20260309-012338
1353,26,215.46,245,0.0100,20260309-012338
1354,12,104.89,81,0.0100,20260309-012338
1355,24,196.82,281,0.0100,20260309-012338
1356,7,57.41,53,0.0100,20260309-012339
1357,34,269.47,420,0.0100,20260309-012339
1358,17,149.82,126,0.0100,20260309-012340
1359,23,200.04,161,0.0100,20260309-012340
1360,31,262.74,274,0.0100,20260309-012341
1361,18,152.97,191,0.0100,20260309-012341
1362,17,143.77,101,0.0100,20260309-012342
1363,24,195.75,226,0.0100,20260309-012342
1364,26,218.57,283,0.0100,20260309-012343
1365,12,99.98,107,0.0100,20260309-012344
1366,27,225.45,277,0.0100,20260309-012344
1367,37,314.87,370,0.0100,20260309-012344
1368,25,218.23,217,0.0100,20260309-012344
1369,20,165.20,151,0.0100,20260309-012345
1370,31,272.70,256,0.0100,20260309-012345
1371,11,94.49,81,0.0100,20260309-012345
1372,28,228.45,306,0.0100,20260309-012345
1373,13,107.79,108,0.0100,20260309-012347
1374,18,152.60,128,0.0100,20260309-012347
1375,20,168.97,171,0.0100,20260309-012347
1376,34,277.90,338,0.0100,20260309-012348
1377,23,176.46,294,0.0100,20260309-012349
1378,21,184.91,162,0.0100,20260309-012349
1379,30,240.20,362,0.0100,20260309-012349
1380,26,213.51,313,0.0100,20260309-012350
1381,42,364.06,367,0.0100,20260309-012350
1382,22,178.85,212,0.0100,20260309-012350
1383,17,144.41,126,0.0100,20260309-012350
1384,21,188.86,155,0.0100,20260309-012351
1385,25,217.57,229,0.0100,20260309-012351
1386,13,112.88,100,0.0100,20260309-012352
1387,22,187.90,187,0.0100,20260309-012352
1388,27,231.85,226,0.0100,20260309-012353
1389,17,140.93,166,0.0100,20260309-012354
1390,15,125.89,128,0.0100,20260309-012354
1391,22,187.02,241,0.0100,20260309-012355
1392,26,223.41,239,0.0100,20260309-012355
1393,29,238.36,303,0.0100,20260309-012355
1394,32,251.96,396,0.0100,20260309-012356
1395,19,162.72,159,0.0100,20260309-012357
1396,42,339.16,479,0.0100,20260309-012357
1397,25,209.26,222,0.0100,20260309-012357
1398,5,40.66,39,0.0100,20260309-012358
1399,28,240.86,225,0.0100,20260309-012358
1400,19,144.60,244,0.0100,20260309-012359
1401,35,298.11,326,0.0100,20260309-012400
1402,24,197.82,237,0.0100,20260309-012400
1403,22,176.23,220,0.0100,20260309-012400
1404,15,129.35,103,0.0100,20260309-012400
1405,7,58.80,62,0.0100,20260309-012401
1406,33,272.38,354,0.0100,20260309-012401
1407,17,139.54,170,0.0100,20260309-012401
1408,24,198.28,228,0.0100,20260309-012401
1409,11,92.20,102,0.0100,20260309-012403
1410,17,138.24,172,0.0100,20260309-012403
1411,24,209.97,200,0.0100,20260309-012403
1412,19,161.98,174,0.0100,20260309-012404
1413,25,211.56,229,0.0100,20260309-012404
1414,35,262.13,464,0.0100,20260309-012404
1415,6,47.93,65,0.0100,20260309-012404
1416,31,259.92,303,0.0100,20260309-012406
1417,29,237.18,320,0.0100,20260309-012406
1418,25,205.88,217,0.0100,20260309-012406
1419,17,148.16,139,0.0100,20260309-012407
1420,11,91.61,79,0.0100,20260309-012407
1421,24,203.39,235,0.0100,20260309-012407
1422,27,228.02,230,0.0100,20260309-012408
1423,25,207.08,270,0.0100,20260309-012408
1424,21,176.76,185,0.0100,20260309-012409
1425,34,278.78,340,0.0100,20260309-012410
1426,26,225.49,237,0.0100,20260309-012411
1427,29,235.30,271,0.0100,20260309-012411
1428,20,170.27,191,0.0100,20260309-012411
1429,25,202.42,310,0.0100,20260309-012412
1430,15,121.08,155,0.0100,20260309-012412
1431,24,205.48,209,0.0100,20260309-012412
1432,33,253.88,441,0.0100,20260309-012412
1433,13,110.40,95,0.0100,20260309-012413
1434,6,42.80,62,0.0100,20260309-012413
1435,27,232.45,291,0.0100,20260309-012413
1436,6,48.32,55,0.0100,20260309-012414
1437,22,189.53,184,0.0100,20260309-012414
1438,5,33.26,93,0.0100,20260309-012414
1439,13,107.57,125,0.0100,20260309-012415
1440,16,128.99,162,0.0100,20260309-012415
1441,27,219.88,304,0.0100,20260309-012415
1442,17,136.63,161,0.0100,20260309-012415
1443,14,109.67,118,0.0100,20260309-012416
1444,22,185.48,249,0.0100,20260309-012416
1445,14,117.15,113,0.0100,20260309-012417
1446,21,176.05,218,0.0100,20260309-012417
1447,11,94.50,84,0.0100,20260309-012417
1448,13,110.09,105,0.0100,20260309-012417
1449,16,134.48,146,0.0100,20260309-012418
1450,21,180.38,199,0.0100,20260309-012419
1451,8,65.92,83,0.0100,20260309-012419
1452,32,258.37,328,0.0100,20260309-012419
1453,15,125.88,118,0.0100,20260309-012421
1454,21,176.18,180,0.0100,20260309-012421
1455,16,139.30,111,0.0100,20260309-012421
1456,29,251.55,230,0.0100,20260309-012421
1457,35,277.03,410,0.0100,20260309-012421
1458,19,158.38,181,0.0100,20260309-012422
1459,7,57.95,48,0.0100,20260309-012422
1460,23,183.31,287,0.0100,20260309-012422
1461,4,30.00,39,0.0100,20260309-012422
1462,11,83.11,110,0.0100,20260309-012422
1463,33,271.57,364,0.0100,20260309-012423
1464,11,97.67,73,0.0100,20260309-012424
1465,19,165.58,146,0.0100,20260309-012424
1466,21,174.89,234,0.0100,20260309-012424
1467,17,142.60,149,0.0100,20260309-012425
1468,29,238.16,273,0.0100,20260309-012425
1469,21,179.68,155,0.0100,20260309-012425
1470,14,118.80,102,0.0100,20260309-012426
1471,30,250.83,278,0.0100,20260309-012426
1472,20,176.08,167,0.0100,20260309-012426
1473,13,103.68,128,0.0100,20260309-012427
1474,16,134.08,135,0.0100,20260309-012427
1475,27,231.60,243,0.0100,20260309-012427
1476,0,-9.92,8,0.0100,20260309-012427
1477,19,167.14,132,0.0100,20260309-012428
1478,36,280.25,463,0.0100,20260309-012429
1479,23,192.78,222,0.0100,20260309-012430
1480,12,101.53,94,0.0100,20260309-012430
1481,19,149.16,198,0.0100,20260309-012430
1482,14,119.41,123,0.0100,20260309-012431
1483,23,195.78,242,0.0100,20260309-012431
1484,15,125.77,134,0.0100,20260309-012432
1485,30,241.17,310,0.0100,20260309-012432
1486,12,103.04,82,0.0100,20260309-012433
1487,41,318.24,497,0.0100,20260309-012433
1488,19,155.19,158,0.0100,20260309-012433
1489,38,297.47,452,0.0100,20260309-012433
1490,10,86.41,54,0.0100,20260309-012433
1491,24,195.28,260,0.0100,20260309-012434
1492,21,173.93,187,0.0100,20260309-012434
1493,11,94.82,87,0.0100,20260309-012434
1494,20,169.32,181,0.0100,20260309-012435
1495,23,192.70,220,0.0100,20260309-012436
1496,17,142.50,132,0.0100,20260309-012436
1497,16,136.24,124,0.0100,20260309-012436
1498,22,178.05,216,0.0100,20260309-012437
1499,33,261.26,360,0.0100,20260309-012438
1500,5,36.46,63,0.0100,20260309-012438
1501,19,166.79,144,0.0100,20260309-012438
1502,22,193.14,155,0.0100,20260309-012438
1503,37,303.42,373,0.0100,20260309-012438
1504,21,179.17,196,0.0100,20260309-012438
1505,26,213.90,266,0.0100,20260309-012438
1506,18,153.83,166,0.0100,20260309-012439
1507,15,131.10,132,0.0100,20260309-012440
1508,23,187.47,220,0.0100,20260309-012441
1509,20,173.66,138,0.0100,20260309-012443
1510,33,270.53,349,0.0100,20260309-012443
1511,27,210.60,279,0.0100,20260309-012443
1512,29,240.64,297,0.0100,20260309-012443
1513,22,195.13,125,0.0100,20260309-012443
1514,36,294.59,403,0.0100,20260309-012444
1515,8,63.79,61,0.0100,20260309-012444
1516,40,336.47,386,0.0100,20260309-012445
1517,42,354.48,416,0.0100,20260309-012445
1518,21,175.63,182,0.0100,20260309-012446
1519,22,180.75,225,0.0100,20260309-012447
1520,21,172.33,230,0.0100,20260309-012447
1521,28,231.78,288,0.0100,20260309-012447
1522,11,91.60,90,0.0100,20260309-012447
1523,27,232.93,235,0.0100,20260309-012448
1524,21,177.61,218,0.0100,20260309-012448
1525,14,117.82,125,0.0100,20260309-012449
1526,17,142.82,166,0.0100,20260309-012449
1527,17,147.03,144,0.0100,20260309-012450
1528,31,253.68,335,0.0100,20260309-012450
1529,21,182.70,184,0.0100,20260309-012450
1530,38,326.65,385,0.0100,20260309-012450
1531,20,172.10,153,0.0100,20260309-012450
1532,8,63.76,71,0.0100,20260309-012451
1533,17,146.36,137,0.0100,20260309-012451
1534,24,203.14,239,0.0100,20260309-012452
1535,26,211.97,273,0.0100,20260309-012453
1536,22,188.13,196,0.0100,20260309-012455
1537,26,220.36,225,0.0100,20260309-012455
1538,31,261.14,300,0.0100,20260309-012455
1539,27,226.15,299,0.0100,20260309-012455
1540,40,337.54,419,0.0100,20260309-012456
1541,37,296.01,443,0.0100,20260309-012456
1542,24,195.35,278,0.0100,20260309-012457
1543,16,128.36,172,0.0100,20260309-012457
1544,30,254.74,296,0.0100,20260309-012458
1545,8,66.44,69,0.0100,20260309-012458
1546,15,125.82,134,0.0100,20260309-012459
1547,19,159.33,155,0.0100,20260309-012459
1548,27,223.22,266,0.0100,20260309-012459
1549,32,266.04,338,0.0100,20260309-012500
1550,15,128.04,121,0.0100,20260309-012500
1551,27,227.90,264,0.0100,20260309-012501
1552,13,113.54,88,0.0100,20260309-012501
1553,42,356.50,406,0.0100,20260309-012502
1554,19,137.71,235,0.0100,20260309-012503
1555,33,262.83,326,0.0100,20260309-012503
1556,25,202.62,293,0.0100,20260309-012503
1557,20,167.45,163,0.0100,20260309-012503
1558,17,138.65,152,0.0100,20260309-012503
1559,5,38.72,42,0.0100,20260309-012504
1560,5,34.59,64,0.0100,20260309-012504
1561,10,86.25,63,0.0100,20260309-012504
1562,21,176.88,175,0.0100,20260309-012504
1563,12,105.49,75,0.0100,20260309-012504
1564,24,210.16,174,0.0100,20260309-012505
1565,16,139.65,134,0.0100,20260309-012506
1566,40,332.23,425,0.0100,20260309-012506
1567,30,237.75,317,0.0100,20260309-012506
1568,28,244.43,227,0.0100,20260309-012507
1569,19,156.26,193,0.0100,20260309-012507
1570,24,204.90,201,0.0100,20260309-012508
1571,26,213.80,262,0.0100,20260309-012508
1572,16,130.70,158,0.0100,20260309-012508
1573,17,146.67,138,0.0100,20260309-012508
1574,10,84.03,78,0.0100,20260309-012509
1575,14,115.04,114,0.0100,20260309-012509
1576,14,118.79,105,0.0100,20260309-012510
1577,14,116.28,120,0.0100,20260309-012510
1578,26,211.28,286,0.0100,20260309-012510
1579,13,104.64,129,0.0100,20260309-012511
1580,13,112.98,113,0.0100,20260309-012511
1581,18,151.42,179,0.0100,20260309-012511
1582,14,119.76,121,0.0100,20260309-012512
1583,38,305.97,406,0.0100,20260309-012512
1584,29,233.53,282,0.0100,20260309-012512
1585,18,152.87,145,0.0100,20260309-012513
1586,14,114.89,125,0.0100,20260309-012513
1587,21,185.44,172,0.0100,20260309-012513
1588,4,28.52,27,0.0100,20260309-012514
1589,9,78.07,59,0.0100,20260309-012514
1590,4,30.46,40,0.0100,20260309-012514
1591,22,188.19,177,0.0100,20260309-012515
1592,27,224.32,245,0.0100,20260309-012515
1593,21,169.22,235,0.0100,20260309-012515
1594,21,171.49,209,0.0100,20260309-012515
1595,23,190.72,208,0.0100,20260309-012515
1596,8,61.68,98,0.0100,20260309-012517
1597,22,196.09,156,0.0100,20260309-012517
1598,24,203.88,238,0.0100,20260309-012518
1599,27,235.62,252,0.0100,20260309-012519
1600,36,291.54,414,0.0100,20260309-012519
1601,35,301.81,287,0.0100,20260309-012520
1602,34,278.53,423,0.0100,20260309-012520
1603,25,209.69,200,0.0100,20260309-012521
1604,8,65.95,63,0.0100,20260309-012521
1605,16,131.40,165,0.0100,20260309-012522
1606,33,282.56,342,0.0100,20260309-012522
1607,7,55.23,53,0.0100,20260309-012522
1608,6,48.27,52,0.0100,20260309-012522
1609,38,313.54,447,0.0100,20260309-012522
1610,29,250.96,242,0.0100,20260309-012523
1611,37,320.10,362,0.0100,20260309-012523
1612,30,265.18,267,0.0100,20260309-012524
1613,21,184.27,148,0.0100,20260309-012524
1614,22,182.74,200,0.0100,20260309-012525
1615,17,145.37,129,0.0100,20260309-012526
1616,24,185.62,287,0.0100,20260309-012526
1617,23,195.31,167,0.0100,20260309-012526
1618,23,192.66,231,0.0100,20260309-012527
1619,9,73.00,75,0.0100,20260309-012527
1620,36,303.80,323,0.0100,20260309-012527
1621,27,233.72,258,0.0100,20260309-012527
1622,6,46.59,50,0.0100,20260309-012527
1623,8,66.42,77,0.0100,20260309-012527
1624,4,29.78,37,0.0100,20260309-012528
1625,30,243.11,337,0.0100,20260309-012528
1626,10,86.58,55,0.0100,20260309-012528
1627,19,160.70,153,0.0100,20260309-012529
1628,11,93.18,93,0.0100,20260309-012529
1629,19,158.97,165,0.0100,20260309-012529
1630,19,151.39,167,0.0100,20260309-012530
1631,13,116.37,67,0.0100,20260309-012530
1632,20,170.74,164,0.0100,20260309-012531
1633,21,171.78,242,0.0100,20260309-012531
1634,25,213.39,216,0.0100,20260309-012531
1635,27,238.60,201,0.0100,20260309-012532
1636,12,94.06,134,0.0100,20260309-012532
1637,20,177.35,144,0.0100,20260309-012533
1638,33,276.69,324,0.0100,20260309-012533
1639,5,39.37,27,0.0100,20260309-012533
1640,25,202.45,264,0.0100,20260309-012533
1641,1,0.04,10,0.0100,20260309-012533
1642,21,172.36,245,0.0100,20260309-012535
1643,23,193.36,264,0.0100,20260309-012535
1644,35,292.24,331,0.0100,20260309-012535
1645,24,207.90,208,0.0100,20260309-012536
1646,21,174.77,201,0.0100,20260309-012536
1647,27,220.75,299,0.0100,20260309-012537
1648,25,208.23,220,0.0100,20260309-012537
1649,27,223.20,288,0.0100,20260309-012537
1650,24,208.10,192,0.0100,20260309-012538
1651,23,186.68,231,0.0100,20260309-012539
1652,29,236.52,317,0.0100,20260309-012540
1653,17,147.80,119,0.0100,20260309-012540
1654,25,204.57,253,0.0100,20260309-012540
1655,25,208.50,264,0.0100,20260309-012542
1656,16,138.00,153,0.0100,20260309-012542
1657,27,210.03,337,0.0100,20260309-012542
1658,27,237.95,204,0.0100,20260309-012543
1659,41,336.03,457,0.0100,20260309-012544
1660,32,261.24,316,0.0100,20260309-012545
1661,36,283.26,510,0.0100,20260309-012545
1662,33,263.72,371,0.0100,20260309-012545
1663,25,219.43,204,0.0100,20260309-012545
1664,9,76.33,69,0.0100,20260309-012546
1665,28,243.00,259,0.0100,20260309-012547
1666,13,112.23,97,0.0100,20260309-012547
1667,35,300.13,315,0.0100,20260309-012547
1668,10,83.19,83,0.0100,20260309-012547
1669,24,202.92,237,0.0100,20260309-012547
1670,19,159.39,161,0.0100,20260309-012548
1671,25,210.33,230,0.0100,20260309-012548
1672,1,0.14,9,0.0100,20260309-012548
1673,16,143.72,124,0.0100,20260309-012548
1674,13,112.46,112,0.0100,20260309-012549
1675,9,75.83,61,0.0100,20260309-012549
1676,13,107.35,135,0.0100,20260309-012549
1677,23,185.76,246,0.0100,20260309-012551
1678,19,160.06,163,0.0100,20260309-012551
1679,32,267.75,276,0.0100,20260309-012551
1680,19,155.39,238,0.0100,20260309-012551
1681,37,321.69,361,0.0100,20260309-012552
1682,29,248.58,278,0.0100,20260309-012553
1683,30,246.13,303,0.0100,20260309-012554
1684,34,285.90,317,0.0100,20260309-012554
1685,22,188.33,183,0.0100,20260309-012554
1686,24,210.57,214,0.0100,20260309-012554
1687,18,157.99,124,0.0100,20260309-012555
1688,29,242.39,267,0.0100,20260309-012556
1689,27,207.88,322,0.0100,20260309-012556
1690,23,184.07,246,0.0100,20260309-012556
1691,20,172.31,144,0.0100,20260309-012556
1692,22,185.51,198,0.0100,20260309-012557
1693,18,158.14,133,0.0100,20260309-012558
1694,23,197.72,187,0.0100,20260309-012558
1695,27,223.37,285,0.0100,20260309-012558
1696,4,29.29,41,0.0100,20260309-012559
1697,17,144.81,145,0.0100,20260309-012559
1698,1,0.08,6,0.0100,20260309-012559
1699,13,111.99,112,0.0100,20260309-012559
1700,33,267.97,339,0.0100,20260309-012559
1701,6,48.14,46,0.0100,20260309-012559
1702,20,164.45,139,0.0100,20260309-012600
1703,34,296.06,308,0.0100,20260309-012601
1704,32,271.92,324,0.0100,20260309-012601
1705,20,176.27,157,0.0100,20260309-012601
1706,15,130.79,145,0.0100,20260309-012602
1707,30,244.23,267,0.0100,20260309-012603
1708,12,101.75,98,0.0100,20260309-012603
1709,30,239.71,350,0.0100,20260309-012604
1710,24,194.22,259,0.0100,20260309-012604
1711,27,212.76,285,0.0100,20260309-012604
1712,21,170.03,230,0.0100,20260309-012605
1713,21,167.31,205,0.0100,20260309-012605
1714,22,192.44,176,0.0100,20260309-012605
1715,18,146.62,158,0.0100,20260309-012605
1716,18,151.44,143,0.0100,20260309-012606
1717,20,171.70,187,0.0100,20260309-012606
1718,16,130.95,168,0.0100,20260309-012606
1719,22,181.50,189,0.0100,20260309-012607
1720,21,175.65,172,0.0100,20260309-012607
1721,22,188.13,193,0.0100,20260309-012608
1722,16,139.55,141,0.0100,20260309-012609
1723,29,243.33,234,0.0100,20260309-012610
1724,21,167.17,237,0.0100,20260309-012610
1725,12,103.52,69,0.0100,20260309-012611
1726,22,176.92,244,0.0100,20260309-012611
1727,31,257.59,328,0.0100,20260309-012611
1728,24,203.75,202,0.0100,20260309-012611
1729,35,296.00,380,0.0100,20260309-012611
1730,38,311.33,435,0.0100,20260309-012612
1731,9,74.87,75,0.0100,20260309-012612
1732,14,122.00,103,0.0100,20260309-012613
1733,13,108.27,118,0.0100,20260309-012614
1734,18,144.99,156,0.0100,20260309-012614
1735,20,172.49,177,0.0100,20260309-012614
1736,18,146.33,191,0.0100,20260309-012614
1737,32,284.78,266,0.0100,20260309-012614
1738,5,39.84,32,0.0100,20260309-012614
1739,12,99.63,80,0.0100,20260309-012615
1740,11,92.01,77,0.0100,20260309-012615
1741,30,252.96,269,0.0100,20260309-012616
1742,38,320.47,403,0.0100,20260309-012616
1743,26,232.45,163,0.0100,20260309-012616
1744,33,278.56,271,0.0100,20260309-012618
1745,17,147.83,132,0.0100,20260309-012618
1746,8,67.76,54,0.0100,20260309-012618
1747,26,220.13,212,0.0100,20260309-012619
1748,24,200.81,186,0.0100,20260309-012619
1749,27,233.01,237,0.0100,20260309-012619
1750,15,124.71,124,0.0100,20260309-012619
1751,30,237.94,354,0.0100,20260309-012620
1752,38,314.30,354,0.0100,20260309-012620
1753,30,253.78,323,0.0100,20260309-012621
1754,16,136.63,140,0.0100,20260309-012621
1755,19,152.09,185,0.0100,20260309-012621
1756,21,189.43,157,0.0100,20260309-012622
1757,8,63.84,78,0.0100,20260309-012622
1758,18,150.82,136,0.0100,20260309-012623
1759,15,125.17,130,0.0100,20260309-012624
1760,28,232.17,280,0.0100,20260309-012624
1761,13,109.01,111,0.0100,20260309-012624
1762,27,220.86,261,0.0100,20260309-012624
1763,31,259.63,302,0.0100,20260309-012624
1764,19,152.67,194,0.0100,20260309-012625
1765,14,115.54,129,0.0100,20260309-012626
1766,34,280.54,380,0.0100,20260309-012626
1767,20,163.30,194,0.0100,20260309-012627
1768,3,20.32,23,0.0100,20260309-012627
1769,27,225.22,264,0.0100,20260309-012628
1770,33,275.48,317,0.0100,20260309-012628
1771,23,182.94,273,0.0100,20260309-012629
1772,3,18.85,30,0.0100,20260309-012629
1773,22,176.37,222,0.0100,20260309-012629
1774,35,277.94,420,0.0100,20260309-012629
1775,17,143.08,166,0.0100,20260309-012630
1776,13,112.42,94,0.0100,20260309-012630
1777,27,226.56,291,0.0100,20260309-012630
1778,41,350.28,365,0.0100,20260309-012631
1779,16,132.32,142,0.0100,20260309-012631
1780,11,93.87,94,0.0100,20260309-012632
1781,15,120.29,164,0.0100,20260309-012633
1782,24,203.68,224,0.0100,20260309-012633
1783,22,187.35,196,0.0100,20260309-012633
1784,26,213.09,253,0.0100,20260309-012633
1785,27,221.69,282,0.0100,20260309-012633
1786,16,140.19,124,0.0100,20260309-012635
1787,26,208.48,296,0.0100,20260309-012636
1788,32,249.28,335,0.0100,20260309-012636
1789,22,181.29,251,0.0100,20260309-012637
1790,34,301.45,290,0.0100,20260309-012637
1791,17,140.64,137,0.0100,20260309-012638
1792,15,124.32,153,0.0100,20260309-012638
1793,25,219.39,208,0.0100,20260309-012639
1794,31,254.30,353,0.0100,20260309-012639
1795,35,288.74,424,0.0100,20260309-012640
1796,31,247.88,423,0.0100,20260309-012640
1797,4,30.05,29,0.0100,20260309-012640
1798,15,130.01,108,0.0100,20260309-012640
1799,25,212.47,239,0.0100,20260309-012640
1800,30,260.15,263,0.0100,20260309-012641
1801,26,230.93,219,0.0100,20260309-012642
1802,26,224.88,210,0.0100,20260309-012642
1803,9,71.36,77,0.0100,20260309-012643
1804,20,171.59,166,0.0100,20260309-012643
1805,36,296.95,369,0.0100,20260309-012644
1806,12,97.09,106,0.0100,20260309-012645
1807,17,147.11,131,0.0100,20260309-012645
1808,32,268.37,312,0.0100,20260309-012645
1809,34,288.00,346,0.0100,20260309-012646
1810,35,294.42,330,0.0100,20260309-012646
1811,26,216.69,253,0.0100,20260309-012646
1812,13,101.64,105,0.0100,20260309-012647
1813,36,291.13,465,0.0100,20260309-012647
1814,15,125.95,156,0.0100,20260309-012648
1815,19,154.38,185,0.0100,20260309-012648
1816,12,94.53,123,0.0100,20260309-012648
1817,8,67.69,58,0.0100,20260309-012649
1818,11,92.07,80,0.0100,20260309-012649
1819,21,180.65,172,0.0100,20260309-012649
1820,9,71.56,74,0.0100,20260309-012649
1821,20,165.01,199,0.0100,20260309-012650
1822,12,107.46,68,0.0100,20260309-012650
1823,29,246.69,316,0.0100,20260309-012651
1824,19,154.45,178,0.0100,20260309-012651
1825,29,256.49,280,0.0100,20260309-012651
1826,38,295.17,506,0.0100,20260309-012652
1827,15,127.28,121,0.0100,20260309-012652
1828,16,125.57,150,0.0100,20260309-012653
1829,23,191.89,193,0.0100,20260309-012654
1830,31,257.79,312,0.0100,20260309-012654
1831,23,196.39,195,0.0100,20260309-012654
1832,33,263.06,388,0.0100,20260309-012655
1833,23,187.07,224,0.0100,20260309-012655
1834,31,261.13,279,0.0100,20260309-012656
1835,15,123.85,147,0.0100,20260309-012656
1836,21,178.33,169,0.0100,20260309-012656
1837,32,263.22,312,0.0100,20260309-012657
1838,21,171.87,188,0.0100,20260309-012658
1839,17,144.80,143,0.0100,20260309-012658
1840,17,140.64,141,0.0100,20260309-012659
1841,22,185.11,207,0.0100,20260309-012659
1842,31,244.54,357,0.0100,20260309-012659
1843,27,223.56,312,0.0100,20260309-012659
1844,16,141.95,106,0.0100,20260309-012700
1845,27,221.85,282,0.0100,20260309-012700
1846,9,78.85,72,0.0100,20260309-012701
1847,28,236.09,351,0.0100,20260309-012701
1848,13,108.46,108,0.0100,20260309-012701
1849,17,141.45,148,0.0100,20260309-012701
1850,13,105.41,128,0.0100,20260309-012703
1851,20,159.06,207,0.0100,20260309-012703
1852,30,241.34,334,0.0100,20260309-012703
1853,38,332.98,321,0.0100,20260309-012704
1854,25,204.81,249,0.0100,20260309-012704
1855,25,215.87,208,0.0100,20260309-012705
1856,17,145.53,143,0.0100,20260309-012705
1857,31,271.06,298,0.0100,20260309-012705
1858,1,0.12,8,0.0100,20260309-012705
1859,3,19.70,23,0.0100,20260309-012706
1860,32,280.55,290,0.0100,20260309-012708
1861,19,158.62,161,0.0100,20260309-012708
1862,31,272.33,276,0.0100,20260309-012708
1863,2,9.56,18,0.0100,20260309-012708
1864,32,272.16,263,0.0100,20260309-012708
1865,21,181.45,160,0.0100,20260309-012708
1866,36,285.69,461,0.0100,20260309-012709
1867,33,278.78,337,0.0100,20260309-012710
1868,14,113.81,126,0.0100,20260309-012710
1869,18,158.19,129,0.0100,20260309-012711
1870,28,252.15,207,0.0100,20260309-012711
1871,3,20.34,24,0.0100,20260309-012712
1872,29,238.07,273,0.0100,20260309-012712
1873,35,279.08,480,0.0100,20260309-012712
1874,26,221.90,253,0.0100,20260309-012712
1875,17,136.15,173,0.0100,20260309-012712
1876,31,250.45,354,0.0100,20260309-012713
1877,29,257.53,207,0.0100,20260309-012715
1878,22,180.57,210,0.0100,20260309-012716
1879,25,201.89,279,0.0100,20260309-012716
1880,32,265.57,354,0.0100,20260309-012716
1881,38,304.56,428,0.0100,20260309-012717
1882,11,94.29,84,0.0100,20260309-012717
1883,33,279.77,346,0.0100,20260309-012717
1884,18,146.80,164,0.0100,20260309-012718
1885,35,302.75,357,0.0100,20260309-012719
1886,20,162.90,161,0.0100,20260309-012719
1887,19,170.48,129,0.0100,20260309-012719
1888,16,133.53,124,0.0100,20260309-012719
1889,37,288.26,438,0.0100,20260309-012719
1890,18,154.07,122,0.0100,20260309-012719
1891,16,136.99,122,0.0100,20260309-012721
1892,16,140.22,107,0.0100,20260309-012721
1893,26,223.57,196,0.0100,20260309-012722
1894,41,353.02,376,0.0100,20260309-012722
1895,11,93.94,84,0.0100,20260309-012722
1896,15,110.05,202,0.0100,20260309-012722
1897,25,204.06,229,0.0100,20260309-012723
1898,17,146.82,134,0.0100,20260309-012723
1899,10,85.41,76,0.0100,20260309-012723
1900,31,248.88,376,0.0100,20260309-012724
1901,18,148.08,158,0.0100,20260309-012725
1902,20,169.58,177,0.0100,20260309-012725
1903,26,219.96,253,0.0100,20260309-012726
1904,42,339.00,466,0.0100,20260309-012726
1905,11,94.44,83,0.0100,20260309-012727
1906,29,243.02,259,0.0100,20260309-012727
1907,21,172.87,184,0.0100,20260309-012727
1908,6,46.56,51,0.0100,20260309-012727
1909,1,-6.40,41,0.0100,20260309-012727
1910,25,210.55,261,0.0100,20260309-012728
1911,35,300.76,309,0.0100,20260309-012728
1912,25,212.26,231,0.0100,20260309-012729
1913,6,47.26,52,0.0100,20260309-012730
1914,22,193.95,164,0.0100,20260309-012730
1915,24,203.51,195,0.0100,20260309-012730
1916,20,169.13,188,0.0100,20260309-012731
1917,19,161.18,179,0.0100,20260309-012731
1918,26,224.50,229,0.0100,20260309-012731
1919,31,269.34,305,0.0100,20260309-012732
1920,12,103.19,85,0.0100,20260309-012733
1921,5,37.98,36,0.0100,20260309-012733
1922,34,268.67,411,0.0100,20260309-012734
1923,21,184.03,151,0.0100,20260309-012734
1924,28,238.31,238,0.0100,20260309-012734
1925,31,254.70,310,0.0100,20260309-012735
1926,25,197.11,326,0.0100,20260309-012736
1927,31,260.18,300,0.0100,20260309-012736
1928,25,206.62,232,0.0100,20260309-012737
1929,4,30.21,34,0.0100,20260309-012738
1930,18,155.18,131,0.0100,20260309-012738
1931,30,247.27,317,0.0100,20260309-012739
1932,2,10.24,21,0.0100,20260309-012739
1933,13,111.60,97,0.0100,20260309-012739
1934,24,191.03,298,0.0100,20260309-012739
1935,21,178.43,197,0.0100,20260309-012739
1936,41,342.28,435,0.0100,20260309-012740
1937,13,111.73,79,0.0100,20260309-012740
1938,39,320.91,388,0.0100,20260309-012741
1939,19,153.84,165,0.0100,20260309-012742
1940,21,170.96,185,0.0100,20260309-012742
1941,11,85.47,121,0.0100,20260309-012742
1942,36,299.39,437,0.0100,20260309-012743
1943,12,97.59,109,0.0100,20260309-012744
1944,17,142.75,156,0.0100,20260309-012745
1945,12,84.44,163,0.0100,20260309-012745
1946,36,285.16,426,0.0100,20260309-012746
1947,34,283.01,323,0.0100,20260309-012746
1948,43,365.42,413,0.0100,20260309-012746
1949,7,54.36,59,0.0100,20260309-012747
1950,29,236.87,317,0.0100,20260309-012748
1951,42,355.28,424,0.0100,20260309-012748
1952,12,93.32,109,0.0100,20260309-012748
1953,20,164.92,214,0.0100,20260309-012749
1954,6,49.33,51,0.0100,20260309-012749
1955,30,257.85,272,0.0100,20260309-012749
1956,19,163.19,151,0.0100,20260309-012749
1957,28,239.14,268,0.0100,20260309-012749
1958,30,240.85,306,0.0100,20260309-012751
1959,18,154.30,145,0.0100,20260309-012751
1960,12,103.10,103,0.0100,20260309-012751
1961,19,162.81,144,0.0100,20260309-012751
1962,3,20.26,17,0.0100,20260309-012752
1963,27,230.91,221,0.0100,20260309-012752
1964,27,228.97,244,0.0100,20260309-012753
1965,18,149.62,171,0.0100,20260309-012755
1966,26,216.09,248,0.0100,20260309-012755
1967,37,311.96,384,0.0100,20260309-012756
1968,33,276.01,288,0.0100,20260309-012756
1969,31,268.09,300,0.0100,20260309-012756
1970,26,218.72,268,0.0100,20260309-012756
1971,44,352.64,600,0.0100,20260309-012758
1972,22,183.41,214,0.0100,20260309-012758
1973,33,279.42,314,0.0100,20260309-012758
1974,24,204.37,193,0.0100,20260309-012759
1975,16,130.52,163,0.0100,20260309-012759
1976,8,64.52,88,0.0100,20260309-012759
1977,23,184.95,242,0.0100,20260309-012800
1978,34,284.19,352,0.0100,20260309-012801
1979,24,206.90,211,0.0100,20260309-012802
1980,22,191.24,192,0.0100,20260309-012802
1981,23,193.36,201,0.0100,20260309-012802
1982,26,222.72,270,0.0100,20260309-012803
1983,17,141.23,162,0.0100,20260309-012803
1984,37,293.55,419,0.0100,20260309-012803
1985,20,162.48,219,0.0100,20260309-012803
1986,28,246.46,210,0.0100,20260309-012804
1987,20,158.78,228,0.0100,20260309-012805
1988,24,207.23,213,0.0100,20260309-012807
1989,27,231.63,259,0.0100,20260309-012807
1990,28,238.07,274,0.0100,20260309-012807
1991,35,307.29,332,0.0100,20260309-012807
1992,31,262.42,350,0.0100,20260309-012808
1993,8,68.61,61,0.0100,20260309-012808
1994,41,345.44,428,0.0100,20260309-012809
1995,28,227.35,350,0.0100,20260309-012810
1996,23,191.79,191,0.0100,20260309-012810
1997,19,158.40,172,0.0100,20260309-012811
1998,26,221.96,213,0.0100,20260309-012811
1999,37,305.13,349,0.0100,20260309-012811
2000,12,99.00,123,0.0100,20260309-012812
